META T=2026-10-08T11:26:09 E=0.000000 SR=0.5 CH=0,1,2,3,4,5 N="Ch 1","Ch 2","Ch 3","Ch 4","Ch 5","Ch 6" S="DEMO" C="DEMO" X= H=2cf076387124acf973f936452854c3f2bc6fb32a201b00950998db50b2998765
D E=0.000000 CH=0,1,2,3,4,5 RAW="21.863,25.848,28.844,41.803,21.584,27.361" H=f060f0d0e210154cd86bf0baa1c91867285520efef4913098f0204873397fd7f
D E=0.500000 CH=0,1,2,3,4,5 RAW="22.098,22.525,31.013,41.928,20.389,27.150" H=bab66f8108e1a0f8f8729762f2936c68d72477f34efcbeec15919c2768a8538c
D E=1.000000 CH=0,1,2,3,4,5 RAW="21.851,24.966,29.166,40.858,20.973,27.259" H=14ef1b398c58ffe20f4cc31874c20bd5f83c3b1b4beecb1fbb5c6d2aa7a0bebb
D E=1.500000 CH=0,1,2,3,4,5 RAW="21.115,22.580,29.795,42.658,21.726,27.144" H=29a3de2a74999cb0f906c776e92cc28cdc8e01969f15de7574226e05875f61a7
D E=2.000000 CH=0,1,2,3,4,5 RAW="21.485,25.459,31.813,41.160,22.571,27.259" H=3472f7764fcdd178a75408cb06d8ca108a995a0736283d3f9c114a2bec0f2e57
D E=2.500000 CH=0,1,2,3,4,5 RAW="22.002,23.436,28.928,42.202,22.026,27.723" H=b28e8bdfcbf0c34dcadb68ae38f342ce2ac49c2cd554cc4b7efc25ef6027b672
D E=3.000000 CH=0,1,2,3,4,5 RAW="21.621,22.845,29.628,42.582,21.224,26.655" H=d9f0fe079fcd1ec270f4aaf56860c2b6a8a31edc23fdcbdf373c3e38fb82c40a
D E=3.500000 CH=0,1,2,3,4,5 RAW="22.396,24.441,30.200,42.721,20.678,27.115" H=0bc3486a04a2c63ca516497f031512677bf1f85c1d45c6af660338e5ab5a7723
D E=4.000000 CH=0,1,2,3,4,5 RAW="22.084,23.837,30.201,41.151,22.549,27.219" H=c5ca7180ae41a484d4eadfe169504ed5657d95c1ebd506c63488222b93f7dc3f
D E=4.500000 CH=0,1,2,3,4,5 RAW="22.593,23.484,30.094,41.252,22.490,26.890" H=5e728229f2004890578ec9996eaed63baec1435f7a867d611cd21eb14d9d66d1
D E=5.000000 CH=0,1,2,3,4,5 RAW="21.092,22.219,30.122,42.340,20.474,27.100" H=70667b35a9f92d78e44733cf0a0c8d75f691e28d520e49459157a085af8e2161
D E=5.500000 CH=0,1,2,3,4,5 RAW="20.799,24.602,28.813,42.776,21.272,27.093" H=8e97c86fc96910a09d51d8e4f7f1485a86c49517bdeeaf61ccea9ff72c71e7c8
D E=6.000000 CH=0,1,2,3,4,5 RAW="21.748,30.324,29.437,42.088,22.152,27.211" H=13e66589f633099df2de33dacf8a0a15472aad042c270154a9a4b173cf367b36
D E=6.500000 CH=0,1,2,3,4,5 RAW="22.555,22.413,30.367,41.656,22.835,27.069" H=4c49cf2c6391a87198c8e12ef9f4fc9199fc98868750ffd73baddad27cfa4ac6
D E=7.000000 CH=0,1,2,3,4,5 RAW="21.624,25.372,30.338,40.123,21.977,26.804" H=3070f89e9f4fb61844d20e39c014275e1a22efb1fe7c3d5f1f119d95e8e746f8
D E=7.500000 CH=0,1,2,3,4,5 RAW="22.884,25.956,29.720,41.364,22.534,26.869" H=73224d2b1aa74aae609771f7d8bc5777dcf9713258f5a09c2ffa8eab0e0fec85
D E=8.000000 CH=0,1,2,3,4,5 RAW="21.733,26.425,30.401,42.074,20.795,26.771" H=625d8e3bfd7193dc4fc8728472c97e6e2627f1d69f37ffc56351c62bb3dd7136
D E=8.500000 CH=0,1,2,3,4,5 RAW="21.652,29.357,29.643,41.865,21.138,27.708" H=45a81fe9b5dc74fb39354e7ee59ccb58f5f07aa498f03db72cb4b19003ea170b
D E=9.000000 CH=0,1,2,3,4,5 RAW="22.325,23.241,31.249,43.165,21.031,26.926" H=fb4ddf904b820763e35ee516e2692637734a2ffa656cff1694fe3c9dec341f90
D E=9.500000 CH=0,1,2,3,4,5 RAW="23.271,26.217,30.773,41.832,22.205,27.130" H=8c0f6f1894a29de6020db3be8d9b0967b68fb137cea09b5536d1ad61ed50163f
D E=10.000000 CH=0,1,2,3,4,5 RAW="23.876,23.213,31.382,41.106,213.246,27.435" H=f74dcb296f57d0e7e54ff2fc3bd26466150debdaa1eccb4eee46dd94697a19ea
D E=10.500000 CH=0,1,2,3,4,5 RAW="23.698,25.795,30.852,40.708,21.486,27.203" H=5df00033cb661b4e47c9cc44e86e3577f0565df77b7008643afdcbd0c7928b19
D E=11.000000 CH=0,1,2,3,4,5 RAW="21.889,28.486,30.889,41.142,22.752,27.135" H=e76c6477419120bd5e967e9724c84b99ad4f77f579402a336b9eed6f200c3de9
D E=11.500000 CH=0,1,2,3,4,5 RAW="22.784,25.047,29.405,42.295,20.498,26.818" H=ac70708c5a7665275efa1ff8a53ef555ed96d375e206303e66ee90d197001928
D E=12.000000 CH=0,1,2,3,4,5 RAW="21.902,25.714,29.794,42.355,20.963,26.600" H=6face89c7659446baa51f6103b07084110c15a49805d4d9bea03a0915d941509
D E=12.500000 CH=0,1,2,3,4,5 RAW="22.566,24.930,30.328,41.772,20.192,26.772" H=a15fd3cbdcec40566cdbb158552c343648e953c117c43c4fb595be81af3b9213
D E=13.000000 CH=0,1,2,3,4,5 RAW="22.398,26.397,28.872,42.278,21.196,27.029" H=54edc592d3ccf3cf08e70667bede188864937ce6cb9f31b93c914d1481f993a6
D E=13.500000 CH=0,1,2,3,4,5 RAW="21.686,26.637,31.351,42.338,21.950,26.353" H=e85adbc4f0546312104b684e3e87276124d2526d144567128e8706ba3894edcc
D E=14.000000 CH=0,1,2,3,4,5 RAW="21.581,23.166,29.432,43.327,21.496,26.653" H=dfbf107b865e7a72e7480fdeb9d9f1023700e55b8a4aa48d7264523cdb4a2eca
D E=14.500000 CH=0,1,2,3,4,5 RAW="23.167,23.344,29.872,41.606,22.868,27.318" H=19fa94120820306ca4466088b9a4a68817bc196ac0fab61eb91d78162a9a4587
D E=15.000000 CH=0,1,2,3,4,5 RAW="21.267,23.791,29.662,41.237,22.662,27.530" H=840b52aff3ff93f5194f89121be44f1356deb88b06b11526b487acf03731c1fc
D E=15.500000 CH=0,1,2,3,4,5 RAW="22.283,22.422,30.583,41.556,22.110,26.402" H=b51314a356f57d9b3483d17d288ee6dd5a7b09eace41de69e671941b24a2a822
D E=16.000000 CH=0,1,2,3,4,5 RAW="20.896,27.960,29.318,41.456,21.887,26.914" H=6d2acf69941a55aef26f7dad939db2d6bdd256ec8924f73c61b048a77643db6c
D E=16.500000 CH=0,1,2,3,4,5 RAW="23.289,20.845,30.824,42.200,20.977,26.785" H=9c6107f28718f0d7876964f19d13acfbc4fc21751a60d541bc12becaeca3d818
D E=17.000000 CH=0,1,2,3,4,5 RAW="21.243,25.657,30.774,41.860,22.250,27.308" H=73487c17abd947526ddbc39514709c0ad48e4702bd7d784f02cf648c0c131566
D E=17.500000 CH=0,1,2,3,4,5 RAW="22.855,22.888,28.242,42.304,21.208,27.286" H=3a699f771333113969bca0183e73626e029e6242ad22a2ca2b78a138da335ae8
D E=18.000000 CH=0,1,2,3,4,5 RAW="21.219,21.106,29.579,42.985,22.316,26.408" H=89903caba2a655ee886c812e7700777d89a4f4f4e99b0bf310e2409fce7f7025
D E=18.500000 CH=0,1,2,3,4,5 RAW="21.156,23.149,29.832,42.729,22.132,27.060" H=5831b22c5fe4bb26bb29b36a174c125d3e04277e2c5a48d884ba43b9c4b67cd8
D E=19.000000 CH=0,1,2,3,4,5 RAW="21.792,26.257,30.302,42.729,21.876,27.004" H=d40503090a6b9db3d863729e76c2561a98b70da44655438fc8ea2e7714baffb4
D E=19.500000 CH=0,1,2,3,4,5 RAW="23.692,26.705,31.344,42.229,22.336,26.457" H=83eae39e44938349cc246d25214ea3d176d8dca40fda50b37273cfc1bd5bf486
D E=20.000000 CH=0,1,2,3,4,5 RAW="22.801,23.471,29.725,41.932,20.731,26.731" H=1404582ff7d0f1e93279db4d735c6acb2f7531cccb26873862328cfe6e66f1c7
D E=20.500000 CH=0,1,2,3,4,5 RAW="20.936,24.329,29.864,42.617,21.615,27.087" H=1dbdcaa1dd8581c16024389cb5b1f38447d8d2fe583fbb5247a37a732c967c37
D E=21.000000 CH=0,1,2,3,4,5 RAW="21.697,26.659,29.211,41.546,21.819,27.173" H=d3def53b650948224a65662a1d4c639fb5cd0de2acbbae47fc2b755d108672fb
D E=21.500000 CH=0,1,2,3,4,5 RAW="22.006,22.068,29.456,42.191,21.536,27.370" H=8d29b60417dbac28178cd476e760e56efbfc7335118ae972cde0a742a1884e52
D E=22.000000 CH=0,1,2,3,4,5 RAW="21.608,25.909,30.579,43.042,20.657,27.261" H=d9f9c8bb76b3ea7f9bcd027cade9763dbcf6128761921b783d0828c7c1c612dd
D E=22.500000 CH=0,1,2,3,4,5 RAW="23.416,23.970,30.048,42.830,21.989,27.418" H=2c87bc64442923bfec240dca42a9e5ff33199a23465c1a7ddc22d25fc7281c23
D E=23.000000 CH=0,1,2,3,4,5 RAW="21.960,23.006,29.337,40.857,20.917,27.405" H=f454fb6c9177e86d47ceeb6c5b605f003c28803f0f052c167341f5360ba38095
D E=23.500000 CH=0,1,2,3,4,5 RAW="22.492,28.997,29.022,42.167,22.330,26.905" H=9ebcf97992c7717dab6653b163c194c7ac66b7d709092cb017835b1f156d63b5
D E=24.000000 CH=0,1,2,3,4,5 RAW="22.043,24.632,29.590,40.376,21.785,27.152" H=eca2553dfac4b3716c1358826d288adb09a5ed236830d77756d455164239d9e2
D E=24.500000 CH=0,1,2,3,4,5 RAW="21.397,23.640,29.544,41.996,21.412,26.766" H=aec5c5e5a3eb35e74e22dd3c12fe1ba8398173dfab2500b1983179799cfc1368
D E=25.000000 CH=0,1,2,3,4,5 RAW="22.594,26.176,29.158,42.260,22.983,27.179" H=d141c60965baafbdc334d7ff01b00a38419d2516bb56a633ec4e238a6e1f43e7
D E=25.500000 CH=0,1,2,3,4,5 RAW="21.331,25.438,30.397,42.554,22.032,26.329" H=4593fb85330b2cc47d4e356c0a2d0c6f4de75f483e93812b4cf39664cc715cf8
D E=26.000000 CH=0,1,2,3,4,5 RAW="22.620,25.403,29.733,41.151,20.486,27.408" H=019f7d509d02740eae1cdfcf47ccf3001287fa0a138716498238e92206890c27
D E=26.500000 CH=0,1,2,3,4,5 RAW="21.533,20.968,29.297,42.930,21.730,27.155" H=2f085f6f2cf5b867e3cc9727411dca2bd1e794b665aa02e375be71096ec73fc5
D E=27.000000 CH=0,1,2,3,4,5 RAW="22.181,25.336,30.585,42.093,22.235,27.064" H=544008faeb9bb82971eaa19b7f12fcc7c3be39967501ae1559f762d0ea551b1a
D E=27.500000 CH=0,1,2,3,4,5 RAW="23.264,24.438,29.306,42.401,20.821,27.025" H=35d3e1502a243833b6e0f4293924ab578da99c649f32e0303128aaaa7234923b
D E=28.000000 CH=0,1,2,3,4,5 RAW="22.862,24.559,28.895,41.442,21.545,26.824" H=35e983aeb80baf1504863fde166ab5ea32fa174fb499e8ab2f7776012bf439c5
D E=28.500000 CH=0,1,2,3,4,5 RAW="22.069,23.877,29.127,42.151,21.579,26.639" H=867cde80b95a9c9237dc7b56769f33bb716d48060d60d5d7b8645db924262c8c
D E=29.000000 CH=0,1,2,3,4,5 RAW="22.660,23.158,29.308,42.118,20.617,26.693" H=2d1d740bd0e9b0d97643169c7937bec09a6c30bb783f5cfd5035e3b0fa3af34e
D E=29.500000 CH=0,1,2,3,4,5 RAW="22.483,27.625,28.367,42.854,20.875,27.037" H=2222e573ed7f78cdeafa6cb3877b7525d994bf419135011d0637a1fb4bc7ae93
D E=30.000000 CH=0,1,2,3,4,5 RAW="23.919,23.594,29.874,41.973,22.415,26.894" H=738c8fc8ebc0d06ffdf5030002189865b4381023a6c5e5e2753d52893cf55724
D E=30.500000 CH=0,1,2,3,4,5 RAW="23.617,26.058,31.029,42.303,22.536,26.814" H=0d7b8eb47caf9036c046801e9b192b46fce7a327ee84db7e6dced0b58d2f37c7
D E=31.000000 CH=0,1,2,3,4,5 RAW="21.834,23.576,29.369,42.447,21.387,27.052" H=eb8d2e5f65381bbd4260d09dede94d0ba3988a46c816c40111071dd0ce22a494
D E=31.500000 CH=0,1,2,3,4,5 RAW="22.589,25.172,30.175,42.693,22.003,27.245" H=ac226ec239d0640748c6369634b50aebae71055b5f0d7e5b0e6c66c023daf3cb
D E=32.000000 CH=0,1,2,3,4,5 RAW="22.392,22.900,28.476,42.198,21.474,26.919" H=b0b1677538245c15990e5a5c006b56b0c43b223818f86ede2889ae1cdc559df6
D E=32.500000 CH=0,1,2,3,4,5 RAW="22.137,31.496,29.620,42.535,22.694,26.673" H=e2abbe065d8247cddad358c2e435e28194dc0ca46db1e9ff5c8c62d78f2b9f79
D E=33.000000 CH=0,1,2,3,4,5 RAW="22.546,23.853,28.455,41.317,22.930,27.165" H=b7cb9995a0ba0c792f577d2fdab8e8046513bb301445113e80e93aadf454688e
D E=33.500000 CH=0,1,2,3,4,5 RAW="21.155,25.218,29.748,41.887,21.853,27.225" H=4ecbcbf8aa8ef00c07e80bbd20c18a701981feb4b44f9711315926d0e51469a6
D E=34.000000 CH=0,1,2,3,4,5 RAW="23.772,26.235,30.360,41.184,21.436,26.620" H=118931ca020c51666d250bb172d61702e3293077d159a06f5d1c125c17ae5c48
D E=34.500000 CH=0,1,2,3,4,5 RAW="23.110,21.941,30.757,42.006,21.923,27.311" H=195172fd2dafe94e786fdb365b0877cc9b918012b219ca897f78f52b5395e92a
D E=35.000000 CH=0,1,2,3,4,5 RAW="23.272,26.580,30.018,41.906,20.813,27.025" H=29ea0a628af5f8653d0db9dd8f0299fe2dbd72d18c4b0aa14af13e0a027fdceb
D E=35.500000 CH=0,1,2,3,4,5 RAW="22.203,26.058,30.217,41.942,22.842,26.803" H=82bf4114524d0068c9c52f3c12d10438c4714560ae24b9719c3ba99913e2f202
D E=36.000000 CH=0,1,2,3,4,5 RAW="20.919,22.294,29.628,41.613,21.653,26.880" H=9d8f3efb68010b4869749c4f2daba61639ab921a096535537ec88b73385e3db1
D E=36.500000 CH=0,1,2,3,4,5 RAW="21.893,29.574,29.455,42.419,19.841,27.699" H=3bf83bbe121cde45fd6335345f97aaf8ead48ee78ca710e21a70d6b9a004d667
D E=37.000000 CH=0,1,2,3,4,5 RAW="22.031,23.698,29.397,40.795,21.047,26.882" H=78ef33cfee93cdac5d4166718d7e759700e423eb68c42de03ea14a1e961b598e
D E=37.500000 CH=0,1,2,3,4,5 RAW="22.188,25.905,28.926,42.216,21.994,27.054" H=569ed74d88233faa25ef0e4af567f492cf4c099b9ffa23d33d891b69b8ba7663
D E=38.000000 CH=0,1,2,3,4,5 RAW="23.308,27.193,28.247,41.596,21.262,26.663" H=95a14b40669769d853c618053ab5bef05838c4f2329c102cd97e33456a2c9d94
D E=38.500000 CH=0,1,2,3,4,5 RAW="23.315,23.590,30.244,41.401,20.675,27.277" H=13378b8eafd41337dff7b93151876d86e7565252f3276cb665087dc772052d69
D E=39.000000 CH=0,1,2,3,4,5 RAW="23.091,21.304,29.384,42.756,22.110,26.660" H=0ff32b3347b8a9793b7be5fe8f7134ca51aa1fa150147b85a6ce58c58472920c
D E=39.500000 CH=0,1,2,3,4,5 RAW="23.048,22.540,30.059,42.560,21.649,26.831" H=608a02a306ff5395c670c481e5c6ddc781d971fbd1aa9a53d03a10b171d6b386
D E=40.000000 CH=0,1,2,3,4,5 RAW="21.796,23.848,29.763,42.675,21.937,26.984" H=7db115cd91b265169e167226691cdec1cb5fdc2af5d55c9fa03df37a2ff87b08
D E=40.500000 CH=0,1,2,3,4,5 RAW="23.264,25.931,30.285,40.963,20.491,26.512" H=25f78acfbcbe16c8fc812a4ebd4c6769a0eb9b7cb866cf4e1ecc163d5a7b70d3
D E=41.000000 CH=0,1,2,3,4,5 RAW="22.602,23.749,30.255,41.781,19.309,26.842" H=f258e7b254a20490605634a01e730cc374ee2fbecc88400330505e49947cc6fb
D E=41.500000 CH=0,1,2,3,4,5 RAW="22.605,28.662,28.914,43.119,21.470,27.080" H=b0f7cfd98075493d3ce8e7dac3238a26e250b9e8f29a274e526e344a49b8fae0
D E=42.000000 CH=0,1,2,3,4,5 RAW="22.736,25.333,28.877,41.916,23.570,27.606" H=919f9c9aaf1737050b1771444aebc826ebd5e69f575ee85f82bc55a847936084
D E=42.500000 CH=0,1,2,3,4,5 RAW="21.164,26.129,29.965,41.896,20.938,27.185" H=691b4da1a1f36864682d5f38357ce5886d57a831ba307b515b41ce1ff898fc69
D E=43.000000 CH=0,1,2,3,4,5 RAW="22.772,26.454,30.385,42.763,21.266,26.981" H=cb8c07e9d1ed29fb4a01925a38b26c548004b94a642deeb6062471e8060a6abc
D E=43.500000 CH=0,1,2,3,4,5 RAW="23.050,25.314,30.548,41.457,21.066,26.819" H=ef288789d5a1932877420197036aacfcfa35946952aa0f4fd55686bfe54efec7
D E=44.000000 CH=0,1,2,3,4,5 RAW="21.718,23.678,30.182,42.402,21.064,26.602" H=311c0f4541dde0d7032c4f75a902f92b1f5d9f0de38aac653c6936599695423d
D E=44.500000 CH=0,1,2,3,4,5 RAW="21.998,22.702,29.791,41.910,21.661,26.459" H=b90904528e744f14d015ae73c861c174b32bc45f677b363648cf7fbf2dba4710
D E=45.000000 CH=0,1,2,3,4,5 RAW="22.630,25.024,30.917,41.995,20.897,26.727" H=c14d41fae88369d009f22207ccd26f5dafab5f89526d4b4aab498e2c7e812a43
D E=45.500000 CH=0,1,2,3,4,5 RAW="22.872,27.034,29.757,42.427,19.492,26.799" H=400e4e6be43c247bd790c024071fad883e563c63164e1d0b1fe73a0d5ddf4444
D E=46.000000 CH=0,1,2,3,4,5 RAW="20.141,23.420,29.421,40.856,21.745,27.207" H=e0de1171c342df97d7e4ae6a1c4a74abf15c8579c2611d77d886a925eba458c3
D E=46.500000 CH=0,1,2,3,4,5 RAW="22.790,24.040,30.060,40.503,22.425,27.223" H=b1120d6c02aa4beee8fc73d346972b77d89bf650cd0e5e714d5df7ecdf32b82d
D E=47.000000 CH=0,1,2,3,4,5 RAW="22.935,25.501,27.999,42.000,22.047,26.912" H=8962befc83e9fd94955c89e91e1b987511b66e122c1259ec5e76f143530bfcd6
D E=47.500000 CH=0,1,2,3,4,5 RAW="22.245,32.963,30.330,41.148,21.058,26.335" H=251918fa2606f3cf153d49a52ee848bd9de8593a74d7bf51fef4d1a7a7c18634
D E=48.000000 CH=0,1,2,3,4,5 RAW="21.730,27.356,28.583,41.810,22.268,26.528" H=266f337aad508a547e54b995101d1988b8c0c7533a9bca0ffdbaf15049f80cc2
D E=48.500000 CH=0,1,2,3,4,5 RAW="21.886,23.995,29.484,41.121,21.783,26.841" H=e6421a8dccbf3bbcc34f8f8183cd5ce94c905553e1a5cbef4ebd211ab29dbe77
D E=49.000000 CH=0,1,2,3,4,5 RAW="22.882,24.273,29.836,41.572,21.249,27.137" H=b180f1ee6596850eb4c2b5b8a71975a6fa0feb82a67ce0de624e715eea50708c
D E=49.500000 CH=0,1,2,3,4,5 RAW="22.274,22.874,28.612,42.431,21.812,27.120" H=2e066b0f009f1c1b464bf35bd2cb8014ea6e0a329bd5102af6ec79469f763c01
D E=50.000000 CH=0,1,2,3,4,5 RAW="23.140,25.196,29.385,40.925,21.440,26.887" H=2d06485cc41292dd16624d7d894a2e1a9db24632690253d7c6c0dac25ebc7e89
D E=50.500000 CH=0,1,2,3,4,5 RAW="23.941,26.273,30.209,43.157,21.035,26.849" H=ce4664689dd53284626aeab04e93d9bd4251b849319dc676ad7fcc9ec1d0ec6b
D E=51.000000 CH=0,1,2,3,4,5 RAW="21.700,24.833,30.597,43.132,21.097,26.683" H=1edf7a5168d70e25b64ab51b5faeddc3c1539e36bdada6fec228ac46d6d50878
D E=51.500000 CH=0,1,2,3,4,5 RAW="22.430,25.268,30.680,42.295,22.331,26.561" H=5d07f13042af849713387763dc27edbab4e2a4558fddbf1853d5e0627592142d
D E=52.000000 CH=0,1,2,3,4,5 RAW="22.987,21.889,27.752,42.119,22.149,26.870" H=64c8911e9e3822d8b8493598cfc650832acb78d4ad7b375d8ed0152ddf34b7e1
D E=52.500000 CH=0,1,2,3,4,5 RAW="20.917,26.517,28.950,42.343,22.715,26.613" H=ad8bcab84405deebcad3b109c3e991ac3ce003ca869f7751fad59ba13069944e
D E=53.000000 CH=0,1,2,3,4,5 RAW="21.690,26.434,30.160,41.393,20.648,26.957" H=7ce4b3952466aba863236c7f35dbf1a8d649a5afcb56d54e58ec38a7c2bede00
D E=53.500000 CH=0,1,2,3,4,5 RAW="22.478,25.702,30.535,41.623,21.490,26.596" H=af017279c01c20050c0b7fc8315ce0791b50b209f7a16ff9bdedd250d41ab106
D E=54.000000 CH=0,1,2,3,4,5 RAW="22.896,25.720,30.220,41.623,21.542,26.876" H=f644428fba61e104cf388e7a45c57159bc5c767c995d87a6cc631674f6e90ee7
D E=54.500000 CH=0,1,2,3,4,5 RAW="23.566,24.560,30.415,42.663,21.458,27.041" H=a73234e4294e8c20215c3c53ed3b5aee4e82bc37afe1998d74d1d1bdefd3479d
D E=55.000000 CH=0,1,2,3,4,5 RAW="22.424,24.183,30.653,41.540,20.467,26.972" H=82fe66a79db9e082d9554e7a587376e40bd33ac3874cead4faabe9c2ad7d52a7
D E=55.500000 CH=0,1,2,3,4,5 RAW="22.694,24.644,29.373,40.980,21.015,27.227" H=dbcb8ceb80e8d7dea6a80dd52320f05feb1b4dc1c16a4391fedb484f6c9891df
D E=56.000000 CH=0,1,2,3,4,5 RAW="22.024,30.228,29.290,42.036,20.807,27.303" H=84a744d8c1e273e684fd12d9114e6f45c55f447dcab4ba26d8a84e2fb35bac62
D E=56.500000 CH=0,1,2,3,4,5 RAW="22.812,24.954,30.350,42.501,21.599,27.269" H=68d3a99ce5123351be2d9422d3b16c15d7a6f792305c97063a6377c0ca17b8b4
D E=57.000000 CH=0,1,2,3,4,5 RAW="22.143,26.360,28.770,41.928,22.775,26.742" H=9126bfa9e40f57a9e44a4d313d9c5707538da4f48d25a908d7791380495ec25f
D E=57.500000 CH=0,1,2,3,4,5 RAW="22.771,24.313,29.063,42.644,20.661,26.379" H=9ac1a2c19f19f2041ec7eaa28fad8864eb93d9e74e8c6d3633560432178c1902
D E=58.000000 CH=0,1,2,3,4,5 RAW="23.924,24.140,29.437,42.560,20.715,26.608" H=c0ebb187485b421f3e8dceb5fa1ad4a1121cc030ab1c7450aa812ddbcd1ffe96
D E=58.500000 CH=0,1,2,3,4,5 RAW="21.913,22.908,30.158,42.715,21.315,26.656" H=148bfcda23424aa40c8f43eb7d057951fc715ca4f698e564b34c2ca57e8c51dd
D E=59.000000 CH=0,1,2,3,4,5 RAW="22.392,22.439,30.189,42.653,21.357,26.628" H=4496c8f617cbf916ee1ba7353ecf9a019433a3a3cd912dcc41bfb023bc220feb
D E=59.500000 CH=0,1,2,3,4,5 RAW="22.114,23.543,30.262,42.074,20.565,27.072" H=8ae054aefb757af207210d1c14f65ebc646702bab61353bdd30aed4477538f38
D E=60.000000 CH=0,1,2,3,4,5 RAW="23.519,27.327,28.901,42.192,21.456,27.087" H=c86109a8932018e2f2728b583949ab569cc139c63921e745f64ee6fe60e868c1
D E=60.500000 CH=0,1,2,3,4,5 RAW="22.580,25.974,30.392,41.606,20.432,27.032" H=e178ad5cb5149c3db4d39cbcb0069384eb60d1c43f273ee43fa0e430e787b411
D E=61.000000 CH=0,1,2,3,4,5 RAW="22.461,26.847,29.962,42.384,20.304,26.761" H=49039497fb00a6cfa965ef2d556a1af8330389b1d8522c44c8ce4021a1bc05b8
D E=61.500000 CH=0,1,2,3,4,5 RAW="22.281,22.277,29.299,42.005,20.819,26.993" H=943cbede34394d89b7beae8fa6cadfda2c2f688c7562f3b90415569cb99a1331
D E=62.000000 CH=0,1,2,3,4,5 RAW="22.875,22.824,29.446,40.312,20.877,26.897" H=57a7247c6743b80527b106395368e1aea207b7ed4b6ac2a478043431330434d9
D E=62.500000 CH=0,1,2,3,4,5 RAW="21.228,23.494,29.229,42.804,21.504,26.832" H=5f2130b7909dbd931adfb2e26bff3b914cd6a000e2bc883b9c17a263092ce600
D E=63.000000 CH=0,1,2,3,4,5 RAW="22.752,22.538,28.651,42.107,20.914,26.690" H=29c873daf6ed4c48921ad3d237208c775149dbc5e8b5fe54a290f638d2a1f710
D E=63.500000 CH=0,1,2,3,4,5 RAW="21.653,26.980,29.525,43.737,21.041,26.486" H=ac82ed027adef12a5b29878afc87b470e011f949942ab33af6cb1402ad2d11e9
D E=64.000000 CH=0,1,2,3,4,5 RAW="22.605,23.209,29.232,41.538,22.259,27.043" H=71dc7330c50579e0449ca133e6d10da74aac372daee4302bf50d82954fea6d7d
D E=64.500000 CH=0,1,2,3,4,5 RAW="23.364,23.434,29.130,41.755,21.998,27.074" H=2644b3031e8e4a9804495cb5715afef6109179b772da41fe85db07a549a2db7b
D E=65.000000 CH=0,1,2,3,4,5 RAW="23.089,26.661,29.285,41.588,22.154,26.917" H=6588d04cc6f2646eb710fbb2fa727b31556efe15f4c54e2776eeccdfde08cefb
D E=65.500000 CH=0,1,2,3,4,5 RAW="21.902,25.993,29.196,40.558,21.677,26.250" H=335c24a43c098002d5ea86e121fd3e50ffe0fa6f17ac61190842fc15ad6f94ee
D E=66.000000 CH=0,1,2,3,4,5 RAW="22.915,27.761,29.211,42.227,20.161,26.972" H=2be2935dcb8a04df38d7fd4b256f6018dff64c967b5437adcc2bbaa796b393a7
D E=66.500000 CH=0,1,2,3,4,5 RAW="22.284,24.752,29.034,40.966,21.098,27.286" H=729ba07b81c7bcf7488a1fde41a1f7b9f83242a9a6cf428beeac853eb9321e3c
D E=67.000000 CH=0,1,2,3,4,5 RAW="23.533,25.908,30.353,43.361,129.682,26.080" H=d30ce627989ba04d916e10774c7886272b8119e451cd67270c1af6e6ad10dcca
D E=67.500000 CH=0,1,2,3,4,5 RAW="23.697,22.315,29.824,42.859,21.083,26.985" H=26e01fc2880d39030ebbbf0e2385ab3bff917bf8d16828ac3eaf29158f53dee7
D E=68.000000 CH=0,1,2,3,4,5 RAW="22.224,25.762,30.750,41.610,20.817,26.653" H=a4a1b1291a2d3d3eafdbfc897ec886469923ed530c854e47a2ff81a5fef31853
D E=68.500000 CH=0,1,2,3,4,5 RAW="23.839,25.805,29.401,41.985,20.782,27.066" H=472455e5841658b95dd7da27b3902e67cb6704f6d81690058ae77c113182d41f
D E=69.000000 CH=0,1,2,3,4,5 RAW="22.486,24.345,29.560,42.330,21.115,26.387" H=0308b5237599bc863449056af006c6343b6d4da9e2c6c5667e160107bdc3e702
D E=69.500000 CH=0,1,2,3,4,5 RAW="23.360,24.481,29.878,42.058,21.852,27.120" H=61dc991fe816b29d2efe56422db2050d8b729cd6bd8e40e88956b1c62a67bdf3
D E=70.000000 CH=0,1,2,3,4,5 RAW="20.383,27.590,30.654,41.732,20.049,26.595" H=e4e459fcb0d02cac95cb9f264da1a75f72866f58538cfaf7089a9b535138d63a
D E=70.500000 CH=0,1,2,3,4,5 RAW="23.379,23.330,29.616,43.233,20.790,27.113" H=51c1854db1f125c41e1e0193eb22651d6f87e5ddb63782ddefbd5f35526fc69a
D E=71.000000 CH=0,1,2,3,4,5 RAW="24.298,27.002,30.212,42.046,21.397,26.539" H=140e8902c426fc45648d6a289b60022e32c5192f16e393973561a60bf7b74cef
D E=71.500000 CH=0,1,2,3,4,5 RAW="22.930,26.062,29.382,42.100,19.928,26.538" H=2e5040f528dde595221a7a1b59015235f9f9590779ae4b39d712e6f4a43e9beb
D E=72.000000 CH=0,1,2,3,4,5 RAW="23.129,23.562,29.837,41.662,20.533,26.798" H=a7e420a787cc1c097feadb9e75a36378ff684add194968fefc5ef824a153ea59
D E=72.500000 CH=0,1,2,3,4,5 RAW="22.164,26.514,30.195,41.295,20.587,26.141" H=dc1097b4e7fa1d529be2d195a46a39ba7f191db14e73145800e62b7dfcd09c9b
D E=73.000000 CH=0,1,2,3,4,5 RAW="21.742,25.785,30.666,41.511,21.829,27.239" H=97aff7590b95b2340f31201d273caa8101d4cfc14e8b461231fd64a4a34fde44
D E=73.500000 CH=0,1,2,3,4,5 RAW="21.527,21.634,29.257,41.721,21.119,26.750" H=4fa53e38b42c49599e2c913255ded601e6049966bb900d457f9e4a58aa41c4c3
D E=74.000000 CH=0,1,2,3,4,5 RAW="22.498,23.908,29.107,41.487,20.979,26.745" H=45e27bcc2a66d04e14e8336ef80c68ba0aec3b388f9297047b85cdbcca515b80
D E=74.500000 CH=0,1,2,3,4,5 RAW="23.822,21.126,30.163,42.006,21.619,26.612" H=b625d01a2c16ed066dac0cda466fa6055a807d3ed623d033cd8c5ffefe484f57
D E=75.000000 CH=0,1,2,3,4,5 RAW="23.137,22.788,28.597,43.640,20.949,27.252" H=fdf433f608ef5727ecb1c120a31ff58c70d51d59e67978516dd86bfea3d0f7ec
D E=75.500000 CH=0,1,2,3,4,5 RAW="23.668,23.576,29.349,42.576,20.830,27.067" H=ef51080f22fac2f72674ad7853882883fa040f9e5289115bd8f2e172a117dc6b
D E=76.000000 CH=0,1,2,3,4,5 RAW="23.797,24.684,28.759,41.648,21.220,26.798" H=1806b8322547610cd4d68d13407a3ef4788b728f88f1d7873b6581cc118a0366
D E=76.500000 CH=0,1,2,3,4,5 RAW="24.683,22.108,27.964,42.464,21.628,26.550" H=3295a824f165ba3b9bc89f0a0234b7fb734d1d1ae05ac3ab532789bb1e021694
D E=77.000000 CH=0,1,2,3,4,5 RAW="23.016,22.368,30.710,41.354,20.240,27.032" H=be970d95f6974d62b4afc2ad5787b142642e0b9a914526fdf08f39217a8a5e3c
D E=77.500000 CH=0,1,2,3,4,5 RAW="22.607,24.668,28.590,42.009,21.203,26.304" H=af4472d9b8684eeceeef10850c7664c46e19e9ad6f6826c5414808e1462670cc
D E=78.000000 CH=0,1,2,3,4,5 RAW="22.599,22.857,29.478,42.008,21.031,26.474" H=08dc2ace1bc1a5eee8ea8de65df4392be87af770fc3747ecb6b34cde5874f469
D E=78.500000 CH=0,1,2,3,4,5 RAW="22.790,23.082,29.155,41.876,21.229,26.763" H=569ce8aed41309f6e632897968eda389694085ae3b197b831b76d503d01e46af
D E=79.000000 CH=0,1,2,3,4,5 RAW="23.097,19.979,30.340,42.433,21.307,26.671" H=42f48297a6842c644865d80adbd6115fd9f269da0d3597d20a4f5a53e5e572a9
D E=79.500000 CH=0,1,2,3,4,5 RAW="21.491,22.367,29.226,43.343,20.378,26.810" H=6bcdd6d0f06687883c9e9e01a1e10fb76fb37f9312c1434df117076b48636ad5
D E=80.000000 CH=0,1,2,3,4,5 RAW="23.185,25.631,29.814,42.434,21.584,27.057" H=c9acfe275648aadd0a549948a84732db4cf78b9cd7f1bd578e1d8c79a6ad49e6
D E=80.500000 CH=0,1,2,3,4,5 RAW="23.236,22.328,29.401,43.009,21.827,26.923" H=19ea0e17727bc277565727e1dc5089c7b42c3d1cc98f4856029b826716811457
D E=81.000000 CH=0,1,2,3,4,5 RAW="22.894,26.208,28.782,42.699,23.074,26.401" H=2769c507d63d34490bbcfe71b061ff5c3ab2c4756b5a81a956c8f416511c4074
D E=81.500000 CH=0,1,2,3,4,5 RAW="23.072,20.782,30.039,42.202,23.110,27.237" H=8c5d4d79ba9ee25732749b74702f0360367d6506419638e97509c4c7ef299475
D E=82.000000 CH=0,1,2,3,4,5 RAW="22.484,27.260,29.754,41.935,20.913,26.689" H=6dedfdab998ab92402306d3f19d2d13a9914aaaa828e0d6890f8744e946a37f7
D E=82.500000 CH=0,1,2,3,4,5 RAW="21.621,21.421,28.768,42.306,22.371,26.673" H=8b2505a890426c54a45df1ceb42ac61455ed10fce99735b16548991e8f76c6ed
D E=83.000000 CH=0,1,2,3,4,5 RAW="22.398,24.515,28.614,41.604,20.686,27.074" H=dbbd87c7c9377ee3f6ceeb7c701b24152a9e2ded62c6345e8f398dd83a287fff
D E=83.500000 CH=0,1,2,3,4,5 RAW="21.833,26.283,28.804,40.309,21.313,26.768" H=354ca3dd29d8ed854184022b709c2b183ed4638bcd45711a0f5c297f62ef9840
D E=84.000000 CH=0,1,2,3,4,5 RAW="21.918,26.824,28.997,42.447,21.775,27.299" H=cda066dc07747f8d114944c91972c3c946862200af1de1d112ba0487b0ce5846
D E=84.500000 CH=0,1,2,3,4,5 RAW="22.938,26.870,29.572,41.660,22.607,26.459" H=d3f25a3ea273cd4a8c0a26f93a71ba51f1bcb51bcb698b54bdb7e11e198e8fc1
D E=85.000000 CH=0,1,2,3,4,5 RAW="22.000,25.931,30.300,42.172,21.535,26.849" H=670179a1c344e2a332d595a78d6e389d57ffbd5bca6e3ab45e3af6d740ec2492
D E=85.500000 CH=0,1,2,3,4,5 RAW="22.065,26.643,30.716,42.061,22.233,27.115" H=5457d39f8c9dfe43f48d2b8bdf28df73606a63b7dacf6914a044877088d51398
D E=86.000000 CH=0,1,2,3,4,5 RAW="23.927,22.696,28.793,43.506,20.317,27.215" H=bcc51870056fa1713430f9b3fa4cd6784f369dd291641308a1f5ef85617c6ca7
D E=86.500000 CH=0,1,2,3,4,5 RAW="22.619,25.832,28.578,42.484,21.583,26.387" H=943994beff5cc46974600854e88edf0f5f0a7c34f7b3a6674a8e4ef063c8f0a8
D E=87.000000 CH=0,1,2,3,4,5 RAW="22.441,25.987,29.511,42.358,22.355,26.779" H=bc69f62022017bbd1a0287d201a0cb91ed152902e5d4f02270dd5829f9b8fbde
D E=87.500000 CH=0,1,2,3,4,5 RAW="21.699,24.741,29.727,42.866,21.160,26.266" H=2518493f3aee1bbc198dbb204bdbbc62c1a0f8db588d5026498887021025c8b7
D E=88.000000 CH=0,1,2,3,4,5 RAW="22.303,21.153,30.507,42.627,20.525,26.348" H=291e310bd110982dc5455aa45a728c7ac11497155a5c042f27a7eef277ff19f1
D E=88.500000 CH=0,1,2,3,4,5 RAW="25.197,27.552,30.286,41.754,20.255,26.372" H=99ccd1f5e45c43e4039a701196f32292763328846a2494cbad7b43d8072acfa5
D E=89.000000 CH=0,1,2,3,4,5 RAW="22.761,25.316,29.859,42.127,20.591,26.116" H=d0e347bd72723426aab37386ea28b5dc98cfef0703eb2d6d8a6be2fa3f129901
D E=89.500000 CH=0,1,2,3,4,5 RAW="22.081,20.474,29.333,43.432,22.415,26.354" H=b5574656598582178891995be95cd21c593bd9bd1ae47e4286db06dae3ccdf22
D E=90.000000 CH=0,1,2,3,4,5 RAW="22.425,25.739,28.190,42.865,22.969,26.739" H=4618c1d4bae0ac9317559c79a3b3dd58a080399361783a80a10b6650ab9a0539
D E=90.500000 CH=0,1,2,3,4,5 RAW="22.423,22.535,28.736,42.752,21.995,27.396" H=060cd559810273a3512a853a887c687482e4abfc339eb5a60c08e15ae569c705
D E=91.000000 CH=0,1,2,3,4,5 RAW="23.246,24.791,29.134,43.209,21.282,26.825" H=b2addca69d2721f34480ac6223f6058ad60a1a5725cd0a6fad79bc8e3ec6e434
D E=91.500000 CH=0,1,2,3,4,5 RAW="22.267,26.710,30.892,43.524,21.925,27.093" H=f4a8db2e25d5fb6751f8e19a3506ad98d7e457c0d1a37811ef4ddab4fb35cd55
D E=92.000000 CH=0,1,2,3,4,5 RAW="23.510,22.143,29.423,42.835,21.086,26.002" H=a218a39aca68e7935ba851f3c96c78b0e088ead8abe550f551588ea4c78f546e
D E=92.500000 CH=0,1,2,3,4,5 RAW="22.568,26.690,29.836,42.153,19.913,26.837" H=16dd8ea341053b048d047d88909f20a59431be4b414aae72cc45d2694a4e5709
D E=93.000000 CH=0,1,2,3,4,5 RAW="22.353,25.694,29.107,43.021,20.942,26.434" H=26ac54ee9a5bf87c1730bcfcee0561fcbc4906a9f17d91085173a8f8739605e3
D E=93.500000 CH=0,1,2,3,4,5 RAW="23.641,25.768,29.947,41.756,20.042,26.621" H=f05cf9d1529db5d556338e21c7a16b8de3b4b11061e69879bf0301a9ef6f8974
D E=94.000000 CH=0,1,2,3,4,5 RAW="22.189,25.191,28.359,42.374,21.170,26.744" H=1cd4b44433510c3ec4eed4987cb867608c03ae1c9c1b8a7c0ef8b1583228f9fa
D E=94.500000 CH=0,1,2,3,4,5 RAW="22.139,23.785,28.295,42.032,21.207,26.901" H=0b6a75f34a95f95eee439220a4a01fcc34d0f330501b304ce33ffaf4efeaf9cd
D E=95.000000 CH=0,1,2,3,4,5 RAW="21.424,24.509,29.179,42.127,21.826,27.415" H=8993fdf5a60099bc76bfc65c86a5c736a9c9037af5c129e4378dd693337c0dc4
D E=95.500000 CH=0,1,2,3,4,5 RAW="22.113,22.033,30.002,40.885,21.299,26.988" H=54a064b21734690c0195b65e8c88aa99522edf27e885e8569f15658df7222fbe
D E=96.000000 CH=0,1,2,3,4,5 RAW="23.451,26.632,29.077,42.121,19.988,27.263" H=45f53e3cda93cf0bd623df2263c999fe04e3052ba18ef1e6d55e568491abc763
D E=96.500000 CH=0,1,2,3,4,5 RAW="23.860,25.259,29.792,41.404,21.612,26.866" H=78fcf9cedd93440ff187e766edf1913e9f2cbdcd7eb0836f9faf8cd3c3b0206b
D E=97.000000 CH=0,1,2,3,4,5 RAW="22.688,23.200,30.429,42.855,22.087,27.456" H=65043f5ae1520bb1af49e2034f23ca75e2a45a486681ae6143b527e206534151
D E=97.500000 CH=0,1,2,3,4,5 RAW="21.509,22.576,30.226,41.830,21.590,26.773" H=252248ec082b2aecc94ba5bb002e26fcb67f42b8b5794897c3e1ebab73752a5b
D E=98.000000 CH=0,1,2,3,4,5 RAW="20.248,25.510,30.953,43.281,21.283,27.286" H=2bdae804d989193d0f1daab017c5f9660545d2eff794cc91b9b8d08b31da3160
D E=98.500000 CH=0,1,2,3,4,5 RAW="22.494,23.352,28.770,42.504,21.542,26.358" H=25f3aa0ee5fb587d6ea0b8fb0596c57ab04c0565ad3e7179b5a6ae2d28d02d78
D E=99.000000 CH=0,1,2,3,4,5 RAW="22.251,22.111,30.133,43.313,22.287,27.294" H=90ece5c9dddec769c091898bf05008ba6f403a7a9cb3c37601a450d9fa9d2173
D E=99.500000 CH=0,1,2,3,4,5 RAW="21.728,28.330,29.744,43.512,21.806,26.868" H=020d7cfaa939f4a1e8063ef2a103de920a89e51ac57404cf08e9bdacfc81181c
D E=100.000000 CH=0,1,2,3,4,5 RAW="22.956,21.581,30.118,42.701,20.357,27.221" H=40799700c7c19eed35748b188acd8bbdd80e57f5a8c33738fd06e682d63dd785
D E=100.500000 CH=0,1,2,3,4,5 RAW="22.790,26.171,29.946,43.468,20.324,26.694" H=67276281e7d2395a378390eb6f4647e51e1af665d1cb6eab28aae3a2621d12b6
D E=101.000000 CH=0,1,2,3,4,5 RAW="22.593,24.293,31.903,42.666,21.716,27.042" H=560e0dc6c2d0d275080fa822d17fb05cf789d43cff01ef05ded2fa41f3a69f8f
D E=101.500000 CH=0,1,2,3,4,5 RAW="22.372,24.440,28.900,41.680,21.025,26.930" H=709b1bd0e3f0870f3ab1bd85dff58743a37f1b8a92c2683fedf303ddf2da0671
D E=102.000000 CH=0,1,2,3,4,5 RAW="21.824,22.559,29.759,42.587,20.637,27.016" H=90fe18bedb596752663f788f72b63af802e8231aba44aa18d7008b092ea4b87a
D E=102.500000 CH=0,1,2,3,4,5 RAW="22.785,28.503,29.827,43.118,21.760,27.093" H=695727a85ab61ca36d06db56b68330e299dac16c115501800740c6df7770bfd8
D E=103.000000 CH=0,1,2,3,4,5 RAW="23.849,22.013,27.387,41.767,20.975,26.914" H=9a7d5f63fc21c7dae87a88b9cbaba74422608833c0029185c9ea2bb61e1035ad
D E=103.500000 CH=0,1,2,3,4,5 RAW="22.948,22.550,30.549,42.194,21.285,26.712" H=51ae894695930438ce14deab7f653d17206e1dad6448f38eaff2b3c9002ea2a8
D E=104.000000 CH=0,1,2,3,4,5 RAW="20.789,24.573,28.588,43.569,20.903,26.473" H=3b55a9f3233ca4760f9f7325ea3ff7093c9f837c69d91b1f069a4d48d76bc018
D E=104.500000 CH=0,1,2,3,4,5 RAW="22.272,23.834,29.512,42.339,21.310,27.047" H=f429e0f1b6ccaccd5a290926caecbc15724f824b23a82442f7ea595f255f1b49
D E=105.000000 CH=0,1,2,3,4,5 RAW="-30.897,25.640,28.254,42.631,20.865,26.868" H=d3ba2934d19a0e8cf063a3730a8f66b8d19d2461474e2b17654f53f368add732
D E=105.500000 CH=0,1,2,3,4,5 RAW="22.939,23.710,31.576,41.649,20.571,26.531" H=02a9edb6f40bd491783df13e2affbdc641c642358cdb652dd22b26e11157cfe7
D E=106.000000 CH=0,1,2,3,4,5 RAW="21.758,21.536,30.526,42.927,21.308,26.497" H=cea148b1650354ebcd27d88cb443239d11e3c9be142c37ba9b7c7ca1ba279e8c
D E=106.500000 CH=0,1,2,3,4,5 RAW="22.221,22.128,29.373,42.458,21.649,26.308" H=a9beaf8967404949add16cfb786d174df5af73fa230d8aa2fd51bdc75a3f9b41
D E=107.000000 CH=0,1,2,3,4,5 RAW="21.406,24.844,30.807,43.507,21.076,26.990" H=eb372ad97d4a5d9252ff7d1fd88e6ee7f4809ee8860093b6d4a7ec5336b24014
D E=107.500000 CH=0,1,2,3,4,5 RAW="23.211,27.111,28.687,41.865,21.685,26.939" H=97f4466a020d19967be55e0a0a90174a75a0daba2422825b43aa623fb9be19ed
D E=108.000000 CH=0,1,2,3,4,5 RAW="22.842,25.209,28.976,44.279,20.554,26.554" H=1986dcf8753f8f6fe1004a1efb524f7b028c766502461e492f2970dfbba7d31a
D E=108.500000 CH=0,1,2,3,4,5 RAW="22.506,24.274,29.095,42.056,21.629,26.779" H=d56d028bf86ab5b25697c1eaffe4ec6f4de87d8e271a2015f2861da77bb930a5
D E=109.000000 CH=0,1,2,3,4,5 RAW="22.428,22.196,29.712,43.406,21.202,26.552" H=f6dbde70239927c628787d67620c7555e0f044849d017d942a08541460fa178f
D E=109.500000 CH=0,1,2,3,4,5 RAW="22.051,25.792,29.992,42.605,22.785,27.287" H=5b431752e7cc0cb9912974782f6a797d24a1431c13509e5ea794d12313d5c5a4
D E=110.000000 CH=0,1,2,3,4,5 RAW="23.106,26.215,29.928,42.961,21.110,26.794" H=492a9186ab0dacd93ca6ed65c9433c52f508b42d1eb5a2643b4c2981999ceb85
D E=110.500000 CH=0,1,2,3,4,5 RAW="23.181,25.126,29.518,42.319,21.125,27.082" H=dcaa6d9cd0c338cc283e68db31a84a2f643665b2b9d488b9cc0ff173ea2c4980
D E=111.000000 CH=0,1,2,3,4,5 RAW="22.661,23.396,29.239,41.967,19.999,26.750" H=d5827c1ab14e35ac0951a1930cba094d0b6768ada141983166948191dd9a168c
D E=111.500000 CH=0,1,2,3,4,5 RAW="21.737,24.849,28.889,42.643,20.937,26.975" H=57120296f00cf3eb4c47469c5881b37604a8a34cc941b5778bf4f12ee6e0b850
D E=112.000000 CH=0,1,2,3,4,5 RAW="21.148,21.956,30.707,41.951,22.053,26.601" H=61c1f75dfe5d6ca5a1498a97829e7f86c6adfe1edcfe640f6867e554af27f46b
D E=112.500000 CH=0,1,2,3,4,5 RAW="23.398,25.350,30.324,43.472,22.718,26.116" H=6fc7a7c0b90d4b51ac0bbbf685bf8809d126e207a87db68f9f889971f749f24e
D E=113.000000 CH=0,1,2,3,4,5 RAW="23.082,23.013,28.541,42.774,20.959,26.833" H=678ab9c27eac473c24edf7d5c032090a529abb7e48a0a76f631be0ef3ca8554f
D E=113.500000 CH=0,1,2,3,4,5 RAW="22.952,22.787,28.666,42.118,21.015,26.887" H=f2a4a4328446096d381104ff7e5d168f1f3233bff3ad3adcc7d1f90c346297f2
D E=114.000000 CH=0,1,2,3,4,5 RAW="22.864,25.087,29.081,43.209,21.967,26.768" H=3c883164447db9a6d632d2c7f10d3ebc21feabb836ef7d67f258d10113744b0a
D E=114.500000 CH=0,1,2,3,4,5 RAW="21.972,24.905,30.134,41.796,21.861,26.549" H=5e53237dae56db6905653e9a5a85e5126f893ec509f1ecfd62087932f29aed6b
D E=115.000000 CH=0,1,2,3,4,5 RAW="21.012,24.813,30.917,43.368,20.932,27.493" H=240d3e5ec5c9f3c59eef4eb9207961f3343be5851bc151f28921305b4401893c
D E=115.500000 CH=0,1,2,3,4,5 RAW="21.856,26.847,28.952,42.565,21.099,26.700" H=a5878d19ef12717046f9fd08abd9a0e93d36a9f0fa28a2fa6dd1813c3211e755
D E=116.000000 CH=0,1,2,3,4,5 RAW="21.721,26.316,30.770,42.133,22.280,27.071" H=5ecc07737d00296dbff336de49454a79b50b8ca4468356d9f03c1bd330028523
D E=116.500000 CH=0,1,2,3,4,5 RAW="21.811,24.973,29.650,42.053,20.401,26.604" H=b21fd5b1c1b14815c76b67d94d660054e12f83e8b1b0b95bce3b582c160e8cc4
D E=117.000000 CH=0,1,2,3,4,5 RAW="21.389,25.270,30.131,43.492,21.166,26.368" H=ba28a556827595c9080d9c9704a46ef6c542f38421e0046f4d76f49b8b139d2b
D E=117.500000 CH=0,1,2,3,4,5 RAW="21.861,22.951,30.168,41.942,20.931,26.892" H=122cdcb7ff5ca6339d210f89afcd348b9ed59b40204734f8e32672c57bc90359
D E=118.000000 CH=0,1,2,3,4,5 RAW="22.873,23.088,29.999,41.652,22.179,26.853" H=ae17fd2a69bb7b7e874fe167ed071f50aa8d58362c337b1da7b6cd742dd6a67d
D E=118.500000 CH=0,1,2,3,4,5 RAW="22.436,27.620,29.924,44.436,21.612,27.385" H=59e4890f3e5b581cbab2e2f729e38affe1f0b43c0077a32922f8a055193e1b36
D E=119.000000 CH=0,1,2,3,4,5 RAW="22.344,23.624,29.942,42.823,21.427,26.691" H=8bf0726111597ab6681d23219b3d258963bfdfcb1538d143d58c60a711d663f7
D E=119.500000 CH=0,1,2,3,4,5 RAW="21.608,24.743,31.179,42.772,21.363,27.129" H=9ab6ad66459999cb56d031ad8676282cf47cf75f17513f61d9fbc6212c5d245d
D E=120.000000 CH=0,1,2,3,4,5 RAW="22.779,25.813,31.591,42.476,22.849,26.950" H=640e4abdd95705e38070c4594fec2b7dd09f804428f46b58c4b50df275beb046
D E=120.500000 CH=0,1,2,3,4,5 RAW="22.492,24.583,28.343,43.149,20.344,26.972" H=bc4534729c2fedba49e0842e8db4967e2ee366d9d1fce647cff0dcc3423f00a1
D E=121.000000 CH=0,1,2,3,4,5 RAW="22.339,24.938,30.864,43.508,21.484,26.859" H=ab14eb4d13929228748c8e99278296b9ac3f30991b10f1485b21fb75142e73dc
D E=121.500000 CH=0,1,2,3,4,5 RAW="21.774,24.369,30.978,42.361,20.015,27.153" H=2c78b6f6ba02a81053a626825fba37132461b7eb4f18736374ccf2bf73da6bd3
D E=122.000000 CH=0,1,2,3,4,5 RAW="23.376,22.513,29.780,42.554,21.015,26.788" H=5a2e28405a889c6138f0a3073f50d0d3553419ed21d3bfcff4cb3d4539cce9f5
D E=122.500000 CH=0,1,2,3,4,5 RAW="20.899,25.905,29.903,40.932,20.851,26.972" H=0d44083cfb21cc525731e1c9a62167a6e49850a884785a52648170c9b75f9c50
D E=123.000000 CH=0,1,2,3,4,5 RAW="21.276,26.631,31.068,42.228,20.691,27.115" H=27743c0e8d7945871953a429d24f990fffd9a0b8907e8799f1d633e5780d1814
D E=123.500000 CH=0,1,2,3,4,5 RAW="22.926,24.755,29.337,43.342,21.309,26.734" H=fca8031b29b9dead77589f6d97b0d8ce9c2634dc082896dc787ebc2b7ce6956f
D E=124.000000 CH=0,1,2,3,4,5 RAW="22.158,21.885,28.472,40.810,21.545,26.958" H=52c08615aa45a291484935cff323bd04714d491ed763ae654753dca0f7c914e6
D E=124.500000 CH=0,1,2,3,4,5 RAW="22.403,23.951,29.133,42.039,21.271,27.106" H=8b261b4028f9b2e9f6c3701d32e5c4ae9e922b0e56d12bc59e109b6365739ddf
D E=125.000000 CH=0,1,2,3,4,5 RAW="22.594,27.370,29.036,42.660,21.352,27.354" H=5a6271d5441ac22f9c80efa8586735582929a09fe281122b71ba6252b8b5c925
D E=125.500000 CH=0,1,2,3,4,5 RAW="23.078,24.335,30.648,42.950,21.226,27.691" H=2d6ee2136567e16778db08c61a6fb20084877c7a8ed9d4c19e679e117dff43a0
D E=126.000000 CH=0,1,2,3,4,5 RAW="22.309,25.015,28.477,42.338,20.767,26.967" H=8cfa788a0c521f266f51137b9dcf25457e1e7daa44c9fdb814042fc845580765
D E=126.500000 CH=0,1,2,3,4,5 RAW="21.214,27.312,28.937,43.211,201.664,26.842" H=1223af06e000b17eea3b5ff41111af70b46d0b99bac6ebd80810c0ea35ec0db1
D E=127.000000 CH=0,1,2,3,4,5 RAW="22.272,25.367,28.442,43.258,23.094,27.025" H=466dedea7c2dd9ecbf9a5f60facfa038cc47b05511b41bfe5ee67c5d8e90a1eb
D E=127.500000 CH=0,1,2,3,4,5 RAW="22.074,22.870,28.907,42.908,21.353,26.860" H=7f2c089fd289f0875e8e265dc5aee45cfa2d33b1fb4621e62cffb3519b0de5c0
D E=128.000000 CH=0,1,2,3,4,5 RAW="21.898,24.217,30.532,42.160,22.117,26.860" H=32fa55baf03f57e325ab24a4b8d5a5a68a688eb5229cfd888dc6d91c58a67fdc
D E=128.500000 CH=0,1,2,3,4,5 RAW="22.317,29.335,29.496,43.169,20.209,26.278" H=9db987584fa6ce6e71d615999330ed5fc81e502da7337fe9fffbbd2faefd0780
D E=129.000000 CH=0,1,2,3,4,5 RAW="20.771,27.011,30.332,40.625,19.816,26.603" H=d397fb7024fc9dbdbf003d1412a2799c71b8b5bc32cead4b72514a60f18f4592
D E=129.500000 CH=0,1,2,3,4,5 RAW="23.017,23.184,30.242,42.026,20.268,26.892" H=bfd3712730b6eb47496f540e547c7561cae053ab5514778d887bcf75af4a820d
D E=130.000000 CH=0,1,2,3,4,5 RAW="22.081,25.763,31.081,41.949,21.217,27.253" H=147171af5a3963706cfeb3770ea509e39c241eb790a240a9d24d64a68f9d421f
D E=130.500000 CH=0,1,2,3,4,5 RAW="20.992,23.872,28.271,43.646,21.097,26.850" H=e8ff729ff3ce25d23c2bc5a874675bbdfc28f0ffb677c5c9bb43995f29b6550a
D E=131.000000 CH=0,1,2,3,4,5 RAW="22.485,22.066,28.596,41.939,20.377,26.553" H=84ac2cd93bd374b4be8611e724d6417568de2b02db83a49fcdb94dbaaf65bf2a
D E=131.500000 CH=0,1,2,3,4,5 RAW="22.403,23.235,30.487,43.122,21.257,27.151" H=8d766dce3a576ba3da8e3b5d15c02aece2726c8528ea3bef860a2a69f1d326ca
D E=132.000000 CH=0,1,2,3,4,5 RAW="22.110,24.919,29.260,41.777,21.056,27.070" H=c3a7b4334a0f3a5e9d4e7adee955867cf69673646044f0c190c9e9efc5b2ddd9
D E=132.500000 CH=0,1,2,3,4,5 RAW="22.811,25.537,30.011,43.217,21.779,26.640" H=63997a8e67cf8193a1447e6ef2bfd9beda95f4c30743539bf098613b2e1bede8
D E=133.000000 CH=0,1,2,3,4,5 RAW="20.638,22.493,29.144,41.154,20.737,26.744" H=9f38ee11ea6f418f1825492f04f478e81a0a60d7e22e032a12d9bc74f7275fa6
D E=133.500000 CH=0,1,2,3,4,5 RAW="22.402,22.652,28.962,42.997,22.231,27.530" H=4359976b090f1ed5d419c05ff643647390094730beeeaadcfed2df0dd0eafcc9
D E=134.000000 CH=0,1,2,3,4,5 RAW="22.533,21.398,29.164,43.156,19.332,26.264" H=6441efde9d02e5d61f36d9c69f977926831e7397148e80f47009a44299e18683
D E=134.500000 CH=0,1,2,3,4,5 RAW="22.110,25.021,30.272,42.184,21.938,26.598" H=c87e4ac483e0abdb65460e4247a4dcdcebf555e7cbede728bf76c27397a9e2cb
D E=135.000000 CH=0,1,2,3,4,5 RAW="22.716,22.206,28.794,42.255,21.200,26.961" H=f3585bc886ab8232392196c4149e02ce33a079943294b1017ec922a89e83dfda
D E=135.500000 CH=0,1,2,3,4,5 RAW="21.774,22.417,29.715,43.375,20.742,26.214" H=40d07f8785e833db24c0746b91522676ed85e08f3eff9e4289e0a47cd3519101
D E=136.000000 CH=0,1,2,3,4,5 RAW="21.413,23.533,29.656,42.572,20.803,26.160" H=f9bfc205939c8d23a6f97b8430a61a079ca620edc327af74925eab42fee0405b
D E=136.500000 CH=0,1,2,3,4,5 RAW="23.254,24.191,31.235,43.002,19.817,26.448" H=f349d25a165f224272e0fe906b500dd3d7b07b80968266511ef02b64f28f5af2
D E=137.000000 CH=0,1,2,3,4,5 RAW="22.796,24.651,28.914,42.891,20.950,26.706" H=ae0bf16ecbddee243d7822592e21d3afdb244ac0b4a777c448e5472c16041a4e
D E=137.500000 CH=0,1,2,3,4,5 RAW="22.852,23.008,30.284,42.569,21.789,27.076" H=b00a28dc5e862dd2c5d8d3364978182ad468e5e9a085c1079c263006032350c3
D E=138.000000 CH=0,1,2,3,4,5 RAW="23.490,24.658,30.684,43.491,19.995,26.780" H=6699d0fc6dc9b8139a9be2771229ab6252a349e627c6b330f385e07737eacb06
D E=138.500000 CH=0,1,2,3,4,5 RAW="22.362,24.537,29.999,43.100,20.758,26.847" H=f567785a3d96c4bb23802a649e092d83d26065a61537866a838c2e2ae2046ca6
D E=139.000000 CH=0,1,2,3,4,5 RAW="21.841,21.176,30.626,42.446,21.246,26.456" H=26f9b94b39c787e86195658e0ea7daed375d9f037db9e736be6417493372ca13
D E=139.500000 CH=0,1,2,3,4,5 RAW="23.382,28.537,28.058,41.613,21.669,26.978" H=d77e897257bb2f97f575d8e106546aabcfd8784457a2396ad81afe6de64f24c8
D E=140.000000 CH=0,1,2,3,4,5 RAW="22.739,25.943,29.816,42.434,20.345,26.660" H=aefd92175b694e064d8397b0ae3143edd998300c75f06dc5ea3680bd7ada7f4d
D E=140.500000 CH=0,1,2,3,4,5 RAW="22.454,26.357,28.968,43.654,21.143,26.885" H=cf5fc767b67eeb2d166c80c6413c7ab805de3b7193dab2ad57e7ada7269c2cb3
D E=141.000000 CH=0,1,2,3,4,5 RAW="22.007,24.929,29.338,43.160,20.835,26.406" H=7271df7066f9481fab994725abcecdcc6815b39394eba3ffbc0fddfc24638bba
D E=141.500000 CH=0,1,2,3,4,5 RAW="22.632,27.382,29.794,42.269,21.050,26.952" H=f4e81780309e5453acc27dd47576788183d0ad5552026c472431949cae37f6c1
D E=142.000000 CH=0,1,2,3,4,5 RAW="24.315,24.140,28.642,42.789,21.890,27.388" H=9969445c2120ad68ab36ae14c94d26d469f8dca4e2432c8fe08583b24803a76a
D E=142.500000 CH=0,1,2,3,4,5 RAW="21.710,26.872,30.982,43.161,20.815,27.015" H=45a3b3167a60d4528d73db3b84cca02871886dedf94071d66cbb764691749387
D E=143.000000 CH=0,1,2,3,4,5 RAW="21.836,25.007,29.876,42.826,21.094,27.200" H=82ee74d60a8553405a65e557fcdc6b1aa75ea9e8f5f859cbcde3b5f799bf6b18
D E=143.500000 CH=0,1,2,3,4,5 RAW="21.116,22.404,29.877,42.377,19.830,26.611" H=ea43fbfa619b7d466798d36cdb50434274ae0870cbf0ef39787a4293a13d5ae8
D E=144.000000 CH=0,1,2,3,4,5 RAW="21.383,25.943,31.231,44.011,21.374,26.491" H=be586b843dc461a720f6dd2b40a5af18180fbe0a514863c025ba91db4225d0b9
D E=144.500000 CH=0,1,2,3,4,5 RAW="22.634,22.750,30.046,41.978,20.481,27.340" H=b0410cc0fed2e97eb2f5b9a03795f6260e5a368e41a644fd76a7a5f269c7148e
D E=145.000000 CH=0,1,2,3,4,5 RAW="21.778,24.479,29.488,43.112,19.900,26.441" H=214feb7f4c5f2721fe6d373f27717ef25683a9685ea33abb0173bba637da4eae
D E=145.500000 CH=0,1,2,3,4,5 RAW="22.928,26.180,30.497,41.296,-155.962,26.931" H=0aa7dddec37350e1f019e5a0655381d42e1e70d3f09a79385d588ee0d27dfe02
D E=146.000000 CH=0,1,2,3,4,5 RAW="22.868,22.293,29.365,41.898,21.092,27.184" H=f2bfbfc93f229b75671411eb04be2a5f2ec9c16985e4996f70296c448ba2a7f7
D E=146.500000 CH=0,1,2,3,4,5 RAW="22.704,24.088,28.801,41.404,20.495,26.847" H=c867840f062d3abfa374cb3a8031f5ceb9c86c76c139ceb14ef5cc6d21a29e76
D E=147.000000 CH=0,1,2,3,4,5 RAW="23.366,24.938,29.857,41.969,20.162,27.320" H=fb061a0904cc1cdbbf87357e6980360cd6fa512008533da100924f2eb132fd53
D E=147.500000 CH=0,1,2,3,4,5 RAW="24.564,24.321,30.570,42.085,21.454,27.238" H=be6ba944d00148766fdce9bbe733a4df217c445bc82b1a49b100456a385887c9
D E=148.000000 CH=0,1,2,3,4,5 RAW="22.051,25.738,30.457,41.269,20.243,27.157" H=5c877bc5fd339f5f53a657b8a9e62cb208c14230a8d0c55f07e1027b62283d0d
D E=148.500000 CH=0,1,2,3,4,5 RAW="22.091,22.315,30.497,41.839,21.920,27.176" H=8b180bdc21461f5138a3ee9afb1321fd1932abbe7cc531f79eb7600cdd40f0ce
D E=149.000000 CH=0,1,2,3,4,5 RAW="23.230,23.641,27.958,43.599,21.737,27.430" H=f0f49624aedda80f22ea7c144f06e8c0db94f3fb8e2a0fcf141d62cb216e8b32
D E=149.500000 CH=0,1,2,3,4,5 RAW="22.022,24.728,29.518,42.543,20.825,27.445" H=021ca50ef1eab266aa42e22488604dabd31703dbb74ec6d57c0e9ace690fed2e
D E=150.000000 CH=0,1,2,3,4,5 RAW="21.981,27.199,29.684,42.076,21.058,26.909" H=fbc86f86c4d0946359e53d99b0f66e3e797bbe740417266953eebc16e6b0dc17
D E=150.500000 CH=0,1,2,3,4,5 RAW="21.670,25.833,29.888,41.800,21.639,27.076" H=c7a8327fdf761a5f9351492b5aee3eef920eb5f189823d44e99d3ee27343c7f7
D E=151.000000 CH=0,1,2,3,4,5 RAW="24.614,26.097,30.445,43.035,21.481,26.327" H=a0a7a8a4969bbc24cd3066418d918fee6882dbad26f3ea0be8e3928fbffe8748
D E=151.500000 CH=0,1,2,3,4,5 RAW="21.310,23.259,28.692,42.465,21.359,26.559" H=80e6d3a54a840bb2514911fa18f92f3c7575593965ea50890e02a18d85255534
D E=152.000000 CH=0,1,2,3,4,5 RAW="23.480,23.796,30.232,43.027,20.876,27.128" H=29579172fd519673d24508201cfe40f06628b41baa6886055457ba8aba267255
D E=152.500000 CH=0,1,2,3,4,5 RAW="22.125,25.185,29.060,41.900,20.586,27.160" H=3e9faf4f23a535715e56e9ab459142342f82977900c0afa76cab5ee290fabac5
D E=153.000000 CH=0,1,2,3,4,5 RAW="21.798,22.813,29.702,41.013,21.568,26.766" H=a737b1cd4445fe5eb78370888d45eff7b8cf1ac2795a15bc16c048d80a91d0df
D E=153.500000 CH=0,1,2,3,4,5 RAW="23.169,21.667,31.120,40.606,20.133,27.370" H=688c3024f2b41430f5dacaadb0235718e5888e22654eaa82d1c96edd65d7fac4
D E=154.000000 CH=0,1,2,3,4,5 RAW="23.025,21.008,30.954,43.465,21.102,26.657" H=15bcdf0b53bd6ab6e82043385b43c5b8139344545f929870eb4da2706b42fb01
D E=154.500000 CH=0,1,2,3,4,5 RAW="23.304,23.436,31.518,42.570,20.964,27.333" H=11283cae3ed6710bf6e54332bf0600abee91a138be03c95e82d092428c599a0e
D E=155.000000 CH=0,1,2,3,4,5 RAW="22.023,23.298,31.778,42.144,21.347,26.958" H=a7c0d1cfe1282862e6cc9120bf18bf98876535490860ca3f9b50faece4da5f53
D E=155.500000 CH=0,1,2,3,4,5 RAW="22.264,25.091,31.163,42.491,20.769,27.151" H=05a0971eb51d0076e9e0a96af7ff7d538172cd7063babb22d829b80887aa26cc
D E=156.000000 CH=0,1,2,3,4,5 RAW="21.779,27.374,29.500,41.479,22.453,27.268" H=8715a8d8108f0b6a63e56f3f40c34545bf034d03d4929ff7c00752cb909cf72e
D E=156.500000 CH=0,1,2,3,4,5 RAW="21.430,25.571,30.361,41.604,22.076,26.977" H=7427c944baa773c3c01e3705867a2c376606926ddaf8ca4f82cdb2d18f82ec4a
D E=157.000000 CH=0,1,2,3,4,5 RAW="22.764,24.842,29.702,42.770,20.948,26.934" H=8ed8134a11f88305fe92b8fb6a76cc99bb41bf46da8dcee70ec9440226782457
D E=157.500000 CH=0,1,2,3,4,5 RAW="22.624,24.399,31.225,42.353,20.792,26.605" H=bfa61b82298aec99ad2f7af72b81c8320fc92f294a7cc2a217ab06739a5aeb3b
D E=158.000000 CH=0,1,2,3,4,5 RAW="23.349,28.018,31.390,42.581,20.230,27.773" H=32c0d501d8dc3667639a706ce730df352b02fa7c604d3f8cca0f9ced1571fb38
D E=158.500000 CH=0,1,2,3,4,5 RAW="23.790,23.151,31.904,42.254,19.704,27.032" H=8236ef620897f696b786874888a177e35f82050efb957aaa147aba3ab19e7d6a
D E=159.000000 CH=0,1,2,3,4,5 RAW="23.284,19.766,31.526,42.606,20.550,26.722" H=2b62455775420193583d44ace24c234323602397d8c6f86225933be8d3d8fa2a
D E=159.500000 CH=0,1,2,3,4,5 RAW="21.481,22.813,30.728,44.170,20.672,27.123" H=15673d92c2212761fe8e7110eda91716b17f596fdfbbf297efcaf92db30546d5
D E=160.000000 CH=0,1,2,3,4,5 RAW="23.156,23.229,32.086,42.280,21.772,26.943" H=24a6ec271e33d76ba1823723f99c5fbf3db4c36d5dc0ab5eb53ef9163ed306b5
D E=160.500000 CH=0,1,2,3,4,5 RAW="22.220,23.210,31.578,41.694,20.573,26.984" H=d8109d52b858585cd397f5beb6fcc4d808dd7ca7281523745301a050653a5ede
D E=161.000000 CH=0,1,2,3,4,5 RAW="22.322,24.032,30.171,43.247,21.170,26.627" H=557afba2f4350a41e30f6b17d2dc23ffdbb13d2ff3ba5d55e580c4246b38122a
D E=161.500000 CH=0,1,2,3,4,5 RAW="21.325,26.078,31.256,42.241,20.750,26.939" H=fef6257c90aaf66bb6d42769556d2a3a54345305462f71a189b2d13a3ed680a6
D E=162.000000 CH=0,1,2,3,4,5 RAW="22.779,24.278,30.867,43.647,21.135,26.579" H=9dfd2f2b8ea13339a731e607296297b08eaa77b6c0fa647a282d8ab034cd1101
D E=162.500000 CH=0,1,2,3,4,5 RAW="22.743,20.060,29.847,42.858,20.723,26.939" H=975d1fdaaddea8c4eff64d163a904df5433fa7c9dfa5f9d881b9b6e1021e3006
D E=163.000000 CH=0,1,2,3,4,5 RAW="22.468,24.924,30.285,42.189,20.455,26.611" H=c19705e30ea166e2952fcddc4429c6b37eab454d6bd24fd8f6e3ce6d933ccb0f
D E=163.500000 CH=0,1,2,3,4,5 RAW="21.727,21.754,31.108,42.253,20.288,26.832" H=a6fc0ab230283f567b2b73979aec498233ef2864e8eb700750aab4618d0d1104
D E=164.000000 CH=0,1,2,3,4,5 RAW="23.043,25.372,30.966,42.038,21.594,26.847" H=e6df8687c7b0b55069a6d09a6058e96a92ff1e42608b9969632b7b1762d48d24
D E=164.500000 CH=0,1,2,3,4,5 RAW="22.608,23.954,31.203,43.629,20.490,26.805" H=05fd658247ff930d27023df7aba0fe6b2dc8e2daced75870e5ad591d72dd5149
D E=165.000000 CH=0,1,2,3,4,5 RAW="22.312,25.361,30.957,43.064,20.530,26.969" H=f2e287362ec7919fff0a48561f0f2633c055abf5478b119fc2f7e36d580e2922
D E=165.500000 CH=0,1,2,3,4,5 RAW="22.528,20.685,32.044,42.786,21.833,27.378" H=74c823e0f25f35e4779d85e7a198cfb24be788225d8a0762b6145f42a11682d9
D E=166.000000 CH=0,1,2,3,4,5 RAW="23.089,20.929,30.081,41.623,21.268,26.714" H=3f138d3acefacc960313468865d798a188bf15219c30a57881e906d3e6e96d25
D E=166.500000 CH=0,1,2,3,4,5 RAW="21.951,24.082,30.569,42.898,20.534,26.882" H=e6eefc87db81bef833aeb018ac808d8e3f71d476b62b562f417e3725a72f7733
D E=167.000000 CH=0,1,2,3,4,5 RAW="22.173,25.321,30.760,43.199,20.500,26.763" H=098760a6bcfffea4d0d6cf4aa8f9ac1670abd45a0ed0bdb2ab39d507c475dedd
D E=167.500000 CH=0,1,2,3,4,5 RAW="23.161,23.686,32.057,43.135,19.810,27.250" H=c00d51dddf4874d2fde67ea91808e256c1a30ccbd1a1fb3864c151e4e88e2120
D E=168.000000 CH=0,1,2,3,4,5 RAW="21.344,23.492,31.320,42.151,20.328,27.264" H=7cf7f7c2b26e12c80748e72c15cf20f89967bf02c24b9be77b82655d95fe3016
D E=168.500000 CH=0,1,2,3,4,5 RAW="23.042,26.169,32.871,43.423,19.930,26.791" H=b4156520559694db3e72703a5c7dae316b01d21685ca764dea59d48ce2f9fc50
D E=169.000000 CH=0,1,2,3,4,5 RAW="21.691,23.858,32.037,41.897,21.246,26.422" H=a373667a7dac94afd510217cb058bbb973af8cfce3c76dffd62f0290aba566a2
D E=169.500000 CH=0,1,2,3,4,5 RAW="21.985,27.941,33.259,42.369,20.362,26.920" H=11107b557eef4b6df4724dfeb3f662de2f79200a5fd2ff3a7e9676af133fc6cf
D E=170.000000 CH=0,1,2,3,4,5 RAW="22.192,25.224,32.743,42.286,20.195,26.819" H=805ac85c9bea8d4bc20e52caa0e5e160c8f8399f39edd8a11b27817a4cd64be9
D E=170.500000 CH=0,1,2,3,4,5 RAW="22.667,29.648,31.912,42.279,21.486,26.469" H=12d3acc98a82730c9f4c3c22b734a04b0053a1b84e138a3a732e34b283a545f5
D E=171.000000 CH=0,1,2,3,4,5 RAW="20.966,25.277,32.361,41.913,21.692,26.647" H=ec1c4ce2b0eaf5207b3a39d21000e19cdb898fbcfac3d780f7f882c1309ca648
D E=171.500000 CH=0,1,2,3,4,5 RAW="23.295,22.956,31.447,41.585,21.114,26.642" H=2de9a98c6ae3b726ac90aeccf7db6254adf0ee026eebe735b536ffdbb56fe928
D E=172.000000 CH=0,1,2,3,4,5 RAW="22.040,28.722,32.085,40.980,19.889,26.988" H=fc152dc3ec50475dd8d0ce3992951a6579cb55ccb7523446662fc236b52ba17d
D E=172.500000 CH=0,1,2,3,4,5 RAW="22.849,22.365,31.970,42.471,20.441,26.909" H=89870b96ad4ccf6865f1b57d9c2ab4e9bfbc30982640aa2fef5d9ecb7800904e
D E=173.000000 CH=0,1,2,3,4,5 RAW="23.188,25.188,33.392,41.625,21.985,27.009" H=3f43478dcc98931e60139379ea9a54a1cdd17e1516c933c7fd38125aca9e69e6
D E=173.500000 CH=0,1,2,3,4,5 RAW="22.285,20.412,31.843,41.443,19.775,26.687" H=614265787aeebe2ac54a4b59b8adb8e0efe9f737f24d86bdef49d81e612003cc
D E=174.000000 CH=0,1,2,3,4,5 RAW="22.233,24.221,32.802,42.095,20.279,27.164" H=75798accbc1dec24006df27ce6761028e50a821db386feb1579d3fec1a2b2eb6
D E=174.500000 CH=0,1,2,3,4,5 RAW="22.381,21.828,32.889,44.140,19.231,26.714" H=f8483a491d8746c591a68c2e34b106dbfc59e1f118a2b5820363426f12e49659
D E=175.000000 CH=0,1,2,3,4,5 RAW="22.479,22.566,32.902,42.641,19.833,26.975" H=44f0892da3e6b22f7f4b386ff2e2ea198437d905249fbc6ef88af65b837164ba
D E=175.500000 CH=0,1,2,3,4,5 RAW="21.481,23.220,31.477,43.160,18.741,27.164" H=d9478ab6bdd76a189d05a2c8adea746d0ae9ffe172ad5b48a725fcc4193630b9
D E=176.000000 CH=0,1,2,3,4,5 RAW="22.600,21.318,32.962,42.297,21.962,27.023" H=216dee216bb3d58e7e84e2c52cd9d557c3d551c9146f3bf5f53aac461b46711c
D E=176.500000 CH=0,1,2,3,4,5 RAW="51.727,24.096,31.682,42.549,20.069,26.812" H=ab5c1173536f5e14de9481686446cdd737c11f11534ad118dcb8b236e5788745
D E=177.000000 CH=0,1,2,3,4,5 RAW="22.121,22.882,32.969,42.869,21.021,26.946" H=d6ea1ca8500b14a76c5948f89dbc99fcdb74bb2839b41de300305c43dbab4e1a
D E=177.500000 CH=0,1,2,3,4,5 RAW="24.155,26.827,31.827,41.692,20.088,26.562" H=c58cd55449afa9af3c831755db3cf1bfdda86e32428ae5fd67766ba3465c1694
D E=178.000000 CH=0,1,2,3,4,5 RAW="21.787,23.479,32.900,41.939,21.073,26.988" H=a98d3157de02b6773079d96bd49cd6a1d7102ef6b239d64aa2a3e9590045a6ce
D E=178.500000 CH=0,1,2,3,4,5 RAW="22.553,21.473,31.726,43.086,21.804,26.669" H=bb32ab1deb2280e58cb9af524b9a80e54e1f87a990bfb0c7e6d2530f4d0b5e64
D E=179.000000 CH=0,1,2,3,4,5 RAW="22.661,20.349,33.594,42.792,21.054,27.272" H=b791bdc78f593d2113d5ce73e3d78be1a20e283c5b4dfdd5fc3609c7e58effb3
D E=179.500000 CH=0,1,2,3,4,5 RAW="22.746,22.838,32.084,42.718,21.668,27.050" H=a57a021244a81599e54da2bdb4cf885177727fc1c44728b0cf988a7b70941a72
D E=180.000000 CH=0,1,2,3,4,5 RAW="23.206,22.995,31.580,42.514,20.849,26.999" H=220c50651b98e25c76a1f7843efcb47a23a14f33b8dec0174201cb61cd62045f
D E=180.500000 CH=0,1,2,3,4,5 RAW="22.100,23.816,32.980,41.504,20.909,26.588" H=abe7c8f9a0cc14ede9375a0b394469eb1596dce30083484d06758217d3ca1052
D E=181.000000 CH=0,1,2,3,4,5 RAW="22.813,25.671,33.057,42.067,21.725,26.497" H=9300c8d48e47597265d8e9d8181e8b8de4a159c5403270fc83f21f1d096b4423
D E=181.500000 CH=0,1,2,3,4,5 RAW="22.959,26.670,34.094,43.048,20.962,26.835" H=b938ea3a5a816d5319ee859c4b32565b0d738eba5becb25fc65d9ec75c1a96ce
D E=182.000000 CH=0,1,2,3,4,5 RAW="22.396,24.409,33.894,42.038,20.769,26.937" H=ec77b01d855f9467ce3eb7cf4e1f58146f790a2461a5b9afc22188fb91beb3fe
D E=182.500000 CH=0,1,2,3,4,5 RAW="23.607,24.536,32.074,43.757,21.700,26.947" H=5c31bf79f81d8b709739cbd8a85929e0e8a020b02621d3e0f698549885de0d7a
D E=183.000000 CH=0,1,2,3,4,5 RAW="22.191,26.303,32.276,42.802,22.236,27.115" H=854768efd0626586e4388d8d03243715e1a18f358106f1d6a9832be6550ba402
D E=183.500000 CH=0,1,2,3,4,5 RAW="22.389,21.632,34.069,41.780,21.022,26.988" H=9dcab29d0014aaf7ac885aae934a1d29c7e7da3dd29025505bad1658e522c9de
D E=184.000000 CH=0,1,2,3,4,5 RAW="22.994,22.320,32.755,42.912,22.207,27.245" H=6a71547a48fb63aeff3d8f9b6fc86b30320a2e469a6d3c259e830a5f619d2ab2
D E=184.500000 CH=0,1,2,3,4,5 RAW="21.608,21.224,33.992,41.305,21.259,26.776" H=f7e11d801c8a82664851df8451e5a11104a4832eb4fae9eb124e4767e539df1f
D E=185.000000 CH=0,1,2,3,4,5 RAW="22.961,27.366,34.452,42.502,21.064,27.241" H=b816cae2b825c97292d8da2a58d2185d3893bc92430c2f4f798cb981b2e9c944
D E=185.500000 CH=0,1,2,3,4,5 RAW="22.525,25.574,34.019,42.567,21.441,26.922" H=7dfbcbc3622faecce04ee01a063822cc21b9662ab3c9b4b600f30a234939145e
D E=186.000000 CH=0,1,2,3,4,5 RAW="23.719,23.771,34.768,43.350,19.652,27.193" H=6f7ee374bdf9b455e23b8e1ee0f10e242277adc722598151d02d77b86d1ba077
D E=186.500000 CH=0,1,2,3,4,5 RAW="22.880,25.905,33.126,41.484,21.826,27.086" H=838610a7ed16c4828eb4bb1645167c05fc9729cc4caa6d3ce1d34ce1aa27403e
D E=187.000000 CH=0,1,2,3,4,5 RAW="21.903,21.244,34.029,41.718,22.378,26.479" H=a9ec733faae17fea59700873917547e332fa297deeed2a693d502b4530b3994d
D E=187.500000 CH=0,1,2,3,4,5 RAW="21.698,21.160,33.346,42.127,20.646,26.923" H=6eed5ace32ddd6ad5df037b84d91c6f6729ba2ee5f4b0e743da135bd1449a4f6
D E=188.000000 CH=0,1,2,3,4,5 RAW="21.730,24.613,34.328,41.335,21.302,27.078" H=c8089f2cc07746936ee5c1af976ce609d443351aa4082117f11adafb5fe3cc6d
D E=188.500000 CH=0,1,2,3,4,5 RAW="21.964,24.909,33.684,42.314,22.136,26.908" H=a25beef75b99181976ed61d671c9cdebb6c8b827c276289345f0a55e4053fc89
D E=189.000000 CH=0,1,2,3,4,5 RAW="23.559,22.312,33.607,42.435,20.201,26.950" H=349a9942e239f346cced3898db8819083a6738f41543430e8d7f8f97d1758a00
D E=189.500000 CH=0,1,2,3,4,5 RAW="22.473,28.512,34.024,42.444,21.611,27.188" H=1abab34bf1cf8d570a5af4e998e8eddef49cc6848198be435ede642097907891
D E=190.000000 CH=0,1,2,3,4,5 RAW="22.156,26.421,33.987,43.323,19.864,26.835" H=68ce657e673fbca6b7966f0320225bbc07718daaecd2dfd4b0f371cb077c3af6
D E=190.500000 CH=0,1,2,3,4,5 RAW="21.279,24.311,33.670,42.851,20.777,26.538" H=67740bb372b3e5440375c5d6b98e172643a453ba80d0ff2a1acabbc32ef88ae8
D E=191.000000 CH=0,1,2,3,4,5 RAW="23.623,22.308,33.758,43.430,21.047,27.196" H=963ef668c4cdd972b39ca5e5a991ecef3746401a13da8d9d7a81791c2d5ba180
D E=191.500000 CH=0,1,2,3,4,5 RAW="23.414,27.305,33.244,41.084,21.234,27.140" H=b20aa3ac1711893e9e45c02c86458c353f8ff984e12da9e205cf1efe246caf0f
D E=192.000000 CH=0,1,2,3,4,5 RAW="22.309,23.648,33.030,41.417,21.615,27.304" H=1986a796e1fd7fb7be8268714231b50f565765144836a1b15364e0a0e796f6c9
D E=192.500000 CH=0,1,2,3,4,5 RAW="22.132,23.607,34.579,42.428,20.610,27.100" H=d9a84a6f15a7a1a24e297d8251853a29ee646427a77f3d35c402d704913954e4
D E=193.000000 CH=0,1,2,3,4,5 RAW="22.164,22.381,35.297,42.065,20.709,26.649" H=5fa8915a5a8b172968e651aa4cad4b92d4f8538eea6519d9a0d8fa8ba6af01f0
D E=193.500000 CH=0,1,2,3,4,5 RAW="22.923,26.735,34.732,43.311,19.928,26.933" H=7b71787264a1cd839af8e962fbc980f6878f87b9f0d983cc04097ae908ea1c5e
D E=194.000000 CH=0,1,2,3,4,5 RAW="22.327,25.403,33.844,41.580,21.116,26.562" H=55ddf98205a517929aaa4a74eb306cdfb8b2fa52356b4f4b2d626ddc599d319e
D E=194.500000 CH=0,1,2,3,4,5 RAW="23.347,23.955,34.086,41.054,20.429,27.165" H=3f8ec8de8f8d1836c6ac171d590e69b879ad2bd84368b3d1d8899a29f2eee9ce
D E=195.000000 CH=0,1,2,3,4,5 RAW="22.064,24.116,33.521,41.576,20.289,27.562" H=80111e9f8fade9fe6cb2a4d1f6b8b148d530a2577298bd5f14d2bad3233a6c25
D E=195.500000 CH=0,1,2,3,4,5 RAW="23.728,26.546,35.389,41.865,20.665,27.118" H=75b0d36d84e2e65197f37f58c16395a74fed2f87226a3fa8a834e31e0f07b591
D E=196.000000 CH=0,1,2,3,4,5 RAW="22.524,20.971,34.854,42.131,21.077,27.176" H=51055d985e89d19ac4d6da2f2c46bc3bc25dc9a68d2c4249b9373988341caacd
D E=196.500000 CH=0,1,2,3,4,5 RAW="22.388,24.516,33.406,42.409,21.649,27.179" H=a87fab832d4b244d1a3345b2f338ad4b6398121ab69f026b343895dd6e03f60e
D E=197.000000 CH=0,1,2,3,4,5 RAW="22.347,26.562,34.260,41.629,19.797,27.295" H=41d3e9c8746ecde28a2dd4eed62691d15d9feee314d4cb4b9da0fd5dbdce5604
D E=197.500000 CH=0,1,2,3,4,5 RAW="22.192,24.904,34.070,41.663,21.086,26.922" H=1ef7eeda3439f4dc050ba5d920dd1dabd53b137b6a88f2b368406240e684f381
D E=198.000000 CH=0,1,2,3,4,5 RAW="23.265,24.264,33.122,42.305,21.920,27.367" H=66e24b3dfadce5a877ab00a4a3d3098d0caecb469b300ea14f0881d05d3ab26b
D E=198.500000 CH=0,1,2,3,4,5 RAW="22.060,23.492,35.337,41.342,21.128,27.377" H=781a89788272112807fe7856976f6f0a9994dd1f692d2b0e6f958b80d3fcfbea
D E=199.000000 CH=0,1,2,3,4,5 RAW="22.460,23.431,34.122,42.830,21.635,27.018" H=3295aca10f377b1dfd8de46fda574db53f1be04d985220f6b37da3e37c82f8c1
D E=199.500000 CH=0,1,2,3,4,5 RAW="23.585,24.771,34.225,44.038,21.185,27.041" H=5863465d3211dff9ad92d62d7c076fae86a4e4ef776c2718abdbe8f0c678dca3
D E=200.000000 CH=0,1,2,3,4,5 RAW="21.870,25.455,34.955,41.201,21.262,26.965" H=7cab3a1c0d6fafe21ff4c8f05c3091841b4fb2c879c982e990c53c57d01a21f7
D E=200.500000 CH=0,1,2,3,4,5 RAW="21.833,27.102,34.381,42.570,21.777,27.375" H=94783a8c62ae05351479b9e8557621344dccc46602afad896853419662c3caed
D E=201.000000 CH=0,1,2,3,4,5 RAW="21.643,26.142,36.038,42.070,20.835,26.286" H=b7912c8940d486399e967e8941bbbe9570a0836d8b69be6ef1bb2a2e639fd679
D E=201.500000 CH=0,1,2,3,4,5 RAW="22.269,24.866,35.633,40.871,21.004,27.081" H=eb0bc500ab25e4c0201e5bf8b9045f381e7204df8e0a8e3f763ed79f47a07f4f
D E=202.000000 CH=0,1,2,3,4,5 RAW="22.882,22.926,35.570,42.160,21.196,27.317" H=1856c207f579cc5e7102039abac720954017f725ec1774e931f4ad00729525ee
D E=202.500000 CH=0,1,2,3,4,5 RAW="21.906,23.459,35.843,43.059,22.588,26.929" H=db080190fb82f91a1cdb28ff4654d03c87d8159ffc1e2387b4d12645eb8dda1e
D E=203.000000 CH=0,1,2,3,4,5 RAW="22.485,25.974,35.666,42.728,21.210,27.127" H=759a1ad475f4e5bfd5b58239048ff487e3cda7983e831fc9e1373fc5877eb41f
D E=203.500000 CH=0,1,2,3,4,5 RAW="22.420,25.885,36.760,41.819,20.552,27.167" H=788cd3070eb2848c58d28f0eebb576991564532b6e0fce3d99844517c1ee011d
D E=204.000000 CH=0,1,2,3,4,5 RAW="21.850,24.376,36.314,43.131,22.760,26.649" H=1c3c008b1681dca66b3db3576d44f48e8612aaa1123f6e87d8da37e4c2af7156
D E=204.500000 CH=0,1,2,3,4,5 RAW="22.367,22.028,36.015,41.217,21.568,26.516" H=a886ae0cfe2b6cb5cc8e3ba60c3b339fdc57fa872a69500ef2dd70aae217b203
D E=205.000000 CH=0,1,2,3,4,5 RAW="22.537,31.417,35.881,43.065,20.580,27.022" H=93a9fcdb4ddde1d2efd9919eee42b4b3a83e80570e2ff2c3760ad4df5983601f
D E=205.500000 CH=0,1,2,3,4,5 RAW="21.762,22.127,35.872,43.090,20.870,26.577" H=6d810ba1b8598f23f06e394c4de0f44e61a9999c2f9def0ad0dd3bd14b49ed97
D E=206.000000 CH=0,1,2,3,4,5 RAW="21.978,23.062,35.569,41.937,21.260,27.063" H=1075f2c44715499b9b5f1f8edf7b3afee0d63e5ff9e4dd4ec4fe4573bbb7568d
D E=206.500000 CH=0,1,2,3,4,5 RAW="21.228,23.220,36.821,41.291,19.461,26.468" H=f75118967ff1e60e582a59a6494dc99b7561c9b0bc16d6ddec9c655b812caa26
D E=207.000000 CH=0,1,2,3,4,5 RAW="23.656,24.552,36.641,42.243,21.165,26.799" H=32e27733d40559ae73dfbe956a595707589d3d142d31346b7f3d3acf32d20835
D E=207.500000 CH=0,1,2,3,4,5 RAW="22.992,23.758,37.595,42.678,22.767,27.130" H=dda7313b8730f381875864dc8304f1340ddbb70826f6a2eb7ab1fce8e4f0df78
D E=208.000000 CH=0,1,2,3,4,5 RAW="22.504,24.188,36.725,41.942,21.585,27.062" H=40bda46bcb293c0c1e19fd259776e26548b1fb180e776bb94731e0ca77e44b38
D E=208.500000 CH=0,1,2,3,4,5 RAW="20.783,26.465,35.053,42.365,20.764,26.711" H=1f88dc1e7ae3fe2d2204d3f146ea6aaf90d87193bd3be74e190c6074827ecf7f
D E=209.000000 CH=0,1,2,3,4,5 RAW="23.426,25.422,35.884,44.134,20.627,27.158" H=fbf654094b380c2495561d80022df7608c2b0210fcde02271566fc45a87549c6
D E=209.500000 CH=0,1,2,3,4,5 RAW="20.525,25.100,36.299,42.498,22.106,26.966" H=0a30b06292236e4ec7113e3aff05ff7fa178fbcffeffcf35fc7b048c0ae81ea4
D E=210.000000 CH=0,1,2,3,4,5 RAW="22.737,24.588,35.886,41.717,22.681,26.954" H=f66962afd6ec7aba9f2259a46a0e6912f1c234c37f68b71ad3cf3912bdeb0c6d
D E=210.500000 CH=0,1,2,3,4,5 RAW="23.626,18.129,35.279,40.553,21.298,27.106" H=71717b48ecba228091e133bd3a7ca900810f6097df3755b66bb66fbf65af8412
D E=211.000000 CH=0,1,2,3,4,5 RAW="22.174,26.075,37.454,43.175,19.698,27.308" H=3cc138f75017465f0a06cc4501fc110ad7e53f46ae487f2d2fc46932987a3e77
D E=211.500000 CH=0,1,2,3,4,5 RAW="20.293,25.649,35.998,42.718,21.688,27.038" H=b02489d3ce5e063e8994117eb135e9f22fc21ca3f1144926d80b618f7fdb5050
D E=212.000000 CH=0,1,2,3,4,5 RAW="22.564,23.753,35.826,42.721,22.041,26.689" H=bf9b9169eafcf9a66506859e3095184e34b54296aaf64c52fc103c402ff6ea23
D E=212.500000 CH=0,1,2,3,4,5 RAW="21.142,29.658,36.573,41.912,21.037,27.193" H=8fb56b697eed0619487fe4ee9bb843b54e435caf3a9d49ba092fffdc1ba83e5c
D E=213.000000 CH=0,1,2,3,4,5 RAW="22.237,27.700,37.603,41.756,20.489,27.545" H=2125a56f756069aa97cd7f50343e6db7efa1060bdacd3e4ae0a0c41e6b5c1c59
D E=213.500000 CH=0,1,2,3,4,5 RAW="22.551,23.487,36.238,43.881,20.798,27.015" H=a08952f3c97ea85cd23b1fca76743a17f247af1062dae1ebd8a79ac99cfd4856
D E=214.000000 CH=0,1,2,3,4,5 RAW="21.570,24.799,34.901,41.700,20.800,26.889" H=10f5090a964156aeb2b1c8c2686ea9e064a74219fbbf7f497af709b7894a3623
D E=214.500000 CH=0,1,2,3,4,5 RAW="22.243,24.836,35.386,42.590,20.701,26.585" H=908c816f76e85bc21e0de8793643ab21332352aa5e7056e8990eb281d124ab50
D E=215.000000 CH=0,1,2,3,4,5 RAW="21.672,27.621,36.319,41.697,20.760,27.157" H=35dd1ef1cb78ce97785edebbd4603ceb98607245dfa0c9fc43498a6055e205db
D E=215.500000 CH=0,1,2,3,4,5 RAW="21.167,25.384,36.882,41.453,19.124,26.497" H=f390fd25345c1decf2fdf15bedf181f834ca1d0ac1d261d2920db495593c1f6b
D E=216.000000 CH=0,1,2,3,4,5 RAW="21.200,24.924,37.074,42.001,21.631,26.935" H=759978fed65ac31d57cc11ac43f706ed2e4010ca06dd2647aa8a47ad8d11d14a
D E=216.500000 CH=0,1,2,3,4,5 RAW="23.140,26.412,36.437,44.512,21.373,27.024" H=4f4c2537d8383433a2bbae4f450a8bdb77d8c92b5bf40198bf9f6b2bac205a65
D E=217.000000 CH=0,1,2,3,4,5 RAW="22.140,22.072,37.377,42.608,20.812,26.726" H=66a75840cdc8a12acd5a0aade81268625f37ebeb813f0557ddbdfac592fd745d
D E=217.500000 CH=0,1,2,3,4,5 RAW="23.030,26.802,38.105,43.614,19.756,27.226" H=216f523b37d3b1bd3c6ac4904c2dad0cfd0fbe4060c4bc790de2ac4e72817bb0
D E=218.000000 CH=0,1,2,3,4,5 RAW="21.000,24.028,37.095,40.665,20.121,26.799" H=9774bf36053cff92ba41cb24a82e74b9464a6485ea6b4632ecc76024dc741fcc
D E=218.500000 CH=0,1,2,3,4,5 RAW="21.610,24.082,37.129,41.728,21.009,27.175" H=b3ffb08551828082d187eef139e43fb7985256e49e23c3400bfa3bb8536bd6ca
D E=219.000000 CH=0,1,2,3,4,5 RAW="21.620,25.706,36.087,41.942,21.975,26.482" H=7c922d3a8fb1a53e11ea532d0f695f29a55370f22163ee49f1710a4e15096ef1
D E=219.500000 CH=0,1,2,3,4,5 RAW="20.230,24.567,36.621,42.202,21.292,26.940" H=0d9a1688ed620b5eb7625170f29d0e6a5c00a5e8c8c97050a16a7ee5d3d2ce36
D E=220.000000 CH=0,1,2,3,4,5 RAW="21.673,25.563,36.728,43.174,20.730,26.709" H=1fae4da13971804a547d6aae615abd4a7cb345f37383a8588411fdc14d40176a
D E=220.500000 CH=0,1,2,3,4,5 RAW="20.235,20.227,37.398,43.064,21.364,26.972" H=e6d631116ba27dcd821fbf0205fa8b6f723ad667675c2e520ffdf13d8a2444d4
D E=221.000000 CH=0,1,2,3,4,5 RAW="20.536,24.528,37.093,43.392,19.616,27.004" H=16cc4829042be170a4348424314330dd0a34d236a988f7df6b3f7ffe6b6ce9db
D E=221.500000 CH=0,1,2,3,4,5 RAW="22.844,23.356,37.530,40.035,20.491,26.728" H=cba3d70b902f8524474e7707fcb7e6f96d4d9aa20ab63ab7103531fd17371769
D E=222.000000 CH=0,1,2,3,4,5 RAW="22.097,20.357,38.342,43.078,19.764,26.855" H=d59f33f11dd888e288f5f56bdd7904a23f88800381e6de4c24816d54c70da5c8
D E=222.500000 CH=0,1,2,3,4,5 RAW="22.143,24.825,37.274,41.176,21.025,27.201" H=f0c9d51bfc52c2af8e29f79f5f2acc7aa0bb6be8404d80f642ff39c742e99522
D E=223.000000 CH=0,1,2,3,4,5 RAW="21.020,22.958,38.710,42.482,21.321,27.242" H=913a398a0b13ea0e33d731eaf2e8f99f6d595349ed84d2a1104681fe713de2de
D E=223.500000 CH=0,1,2,3,4,5 RAW="21.699,24.157,37.037,42.243,20.898,27.363" H=9b16d37131ceed30e90d93a56da8a4c6bad04ff19399c3bbdb5ae07668d6aff0
D E=224.000000 CH=0,1,2,3,4,5 RAW="22.286,23.060,37.754,41.906,22.702,26.352" H=79483e263c011bbaa7b3b453a8046d05eb11655a141e2ff9bf6c894617a0a3db
D E=224.500000 CH=0,1,2,3,4,5 RAW="22.702,25.885,37.123,40.896,19.768,27.371" H=e23da1319953dd6b411c342cba560d54426ece7776eca0c26fbcc8ce1570944f
D E=225.000000 CH=0,1,2,3,4,5 RAW="21.833,25.980,37.762,41.680,21.042,26.629" H=e10f70c0047b8b90338e04705a236b62064f033826a472748149b68e273c944b
D E=225.500000 CH=0,1,2,3,4,5 RAW="21.281,26.417,36.599,42.040,19.644,26.593" H=3e51f6fc55d88561170500dcd49d8e26b0de40b6a93cc0198a89d42ae40238f6
D E=226.000000 CH=0,1,2,3,4,5 RAW="21.749,24.645,36.563,41.628,19.444,26.795" H=4131a7a811f779803af17cd3a63e65de398c09ba8a931645cded3d5dea1dbd3d
D E=226.500000 CH=0,1,2,3,4,5 RAW="22.456,25.729,38.085,41.657,20.886,26.886" H=79c2304762032e74f4fbd2612e34e4315ebf3984919aa84b7b7122f90065fda2
D E=227.000000 CH=0,1,2,3,4,5 RAW="22.197,26.706,37.815,40.960,21.279,27.107" H=a5d0f3a83a3e68dd5baa1a0f0f29949998dba3741bf6b556ef96d0333fbc6d85
D E=227.500000 CH=0,1,2,3,4,5 RAW="21.608,23.054,36.828,43.285,20.707,26.727" H=cb86212569f7a08afc535c40e3bbe71754d8ad397cd15f5e34a93c1ce05791a2
D E=228.000000 CH=0,1,2,3,4,5 RAW="21.892,22.345,39.462,40.894,18.903,27.123" H=0b13581110377f40f9d2017af940a17795e87eda80a3f21629946511b85a76a9
D E=228.500000 CH=0,1,2,3,4,5 RAW="22.810,25.139,37.818,42.007,21.326,27.273" H=32c0bc0e1f33045d0b27b4d73d3db73c48535c5baa607f3a065fd794e5f5de3d
D E=229.000000 CH=0,1,2,3,4,5 RAW="22.504,24.040,36.857,42.889,20.178,26.620" H=146469e71032d359a63ce11cf5b389d0eb5f01fc911b1c34cd26503b10400d3e
D E=229.500000 CH=0,1,2,3,4,5 RAW="21.379,26.402,38.456,41.604,22.392,27.564" H=b624dd5e3a2242d3d77b104fc0cafd13b0f823f1ade43d9fcec832b11ed3861a
D E=230.000000 CH=0,1,2,3,4,5 RAW="22.763,21.784,37.827,43.047,20.700,27.255" H=03f0d0cf99ad58c3939bf33f7aa3b02044ab51065059696a6f9476d904c04a07
D E=230.500000 CH=0,1,2,3,4,5 RAW="21.900,25.055,39.041,42.177,19.391,27.285" H=b01fcf0299fac130b7e0944a63ec5093b97c268d384b35636ee829b32e6411c6
D E=231.000000 CH=0,1,2,3,4,5 RAW="22.025,26.700,38.897,41.088,20.284,27.349" H=abea6ef94f1cf8ed9793c1a67992801431b6ab8a1e1427bdc05204e4ab152329
D E=231.500000 CH=0,1,2,3,4,5 RAW="22.492,26.636,39.126,42.764,21.056,26.930" H=06cf8a085fcdb0cf5d39302faf48d23716a4065a3a64710ac54c683b840a0231
D E=232.000000 CH=0,1,2,3,4,5 RAW="22.196,25.173,38.754,42.198,19.861,26.914" H=124a01725728229322204b313f15e9d79bf338da0197576abebbb01917962247
D E=232.500000 CH=0,1,2,3,4,5 RAW="21.998,19.986,37.892,42.911,20.141,26.661" H=18243da171edb16ce155cc714bdd85af366da1aaa3c8acc4359ed26fd8e00da9
D E=233.000000 CH=0,1,2,3,4,5 RAW="22.254,21.606,39.204,42.221,20.545,27.370" H=760579b6ba8aa26c379776bbeda69822e1321ed0fd8422065e93284b8f8f8391
D E=233.500000 CH=0,1,2,3,4,5 RAW="21.768,20.658,39.118,42.920,20.449,27.215" H=2129ab51472b72870d4a10c8f3b11ef6bd75896c61606ce478d1b5fb09aad0b4
D E=234.000000 CH=0,1,2,3,4,5 RAW="22.135,21.357,37.489,42.441,22.012,27.481" H=abed8d1eea4e2d2c85ca536a084d82b3b338924bad39a86d1a4ed758cea8c717
D E=234.500000 CH=0,1,2,3,4,5 RAW="22.144,24.458,38.963,41.609,21.233,26.977" H=fedc30be527d8379dbaa9b66cf8ce0d3d1c8eb3fd4d13ee3dbfce7a2f23befa0
D E=235.000000 CH=0,1,2,3,4,5 RAW="22.730,23.533,37.440,42.288,21.672,26.864" H=506857a7820ab34ea97aa0d512ec6926288e309bc125d2f1bcf18fdaf6aca3cc
D E=235.500000 CH=0,1,2,3,4,5 RAW="21.537,24.997,39.849,43.131,21.719,27.288" H=60c804252e22f1c8b4dfe5b57822a7a9cf1200f6d75f2a7b6e37da43f3106fbf
D E=236.000000 CH=0,1,2,3,4,5 RAW="21.703,23.326,39.528,43.809,19.198,26.771" H=4d650bafc6dc64106ee78c97e934785c3de35706c109e02c011a3eb59d5a031f
D E=236.500000 CH=0,1,2,3,4,5 RAW="22.023,28.346,40.071,42.784,22.737,27.441" H=ff1f53113bd81ae0bc4b938f8588ad2cfcf549fc0945aa47303d67934dfd2a40
D E=237.000000 CH=0,1,2,3,4,5 RAW="22.463,25.128,39.328,43.515,20.813,27.129" H=433d22aea90594d31d25c2e62f7b3ea92caa15ca25902d37cd29092a4ba39504
D E=237.500000 CH=0,1,2,3,4,5 RAW="22.096,27.205,38.662,41.195,20.271,27.139" H=95917e390a888e8f04db1102627e50d0015c8978bf096a0ff94597037a001e36
D E=238.000000 CH=0,1,2,3,4,5 RAW="21.332,26.268,39.927,42.297,21.883,26.616" H=877186065c2bf7217815fce500bcccc4964b5e585802c38a7d9163fb9d2b5e20
D E=238.500000 CH=0,1,2,3,4,5 RAW="21.643,25.363,39.579,43.454,21.019,27.337" H=f73da7c79571e6b3ab927519a9367031545ec8669bbbf7fd9d86149d18cfac1e
D E=239.000000 CH=0,1,2,3,4,5 RAW="22.618,21.907,37.636,42.192,21.047,26.693" H=bf5168feb520da30fb75ac1ca63f2ec57f73ffb59f0f363a957249bdb46915fc
D E=239.500000 CH=0,1,2,3,4,5 RAW="22.032,26.429,38.992,41.950,20.531,26.382" H=4e47c52734ae2b54245db25a8c42b238c2625c6ac9a3f7892cc62a4343562019
D E=240.000000 CH=0,1,2,3,4,5 RAW="22.932,24.761,39.727,60.217,21.153,26.422" H=f4c1bf4bd563552921d747f46e6b9a9e2f8a084b0059edfd70d11b5ff36b07fd
D E=240.500000 CH=0,1,2,3,4,5 RAW="22.514,22.753,39.779,60.366,19.808,26.963" H=c5bc620c36bbd3fdecb15eb4fcad585e6dd1bc66fc87bb181ae984193d5992fb
D E=241.000000 CH=0,1,2,3,4,5 RAW="21.356,21.796,38.887,59.463,18.669,26.809" H=2ddc0f4dca3b4f41cfd22639d619cd17d788f41cc38563b96dd1f8b40b2b6143
D E=241.500000 CH=0,1,2,3,4,5 RAW="22.453,23.278,39.771,60.912,19.266,27.221" H=707c574b25a3dfb377a71fba63c7ae9fcd9a4d380faf25d3564ffa0aeb8fc99a
D E=242.000000 CH=0,1,2,3,4,5 RAW="22.739,22.670,39.954,60.590,21.184,27.116" H=23a5696a73c43efcf023450ae0945cadecfd0234eeb4203b8b67de1501013356
D E=242.500000 CH=0,1,2,3,4,5 RAW="23.031,25.597,39.086,60.493,21.060,26.698" H=dd4cd0de5a3c4564eaba08f67af7cdf68012c7bfbe19e3273a397f2747f29780
D E=243.000000 CH=0,1,2,3,4,5 RAW="21.732,24.793,39.519,59.165,21.263,27.057" H=b71f7dcea048e0277c5d72281908af4984d7b31f75a5521ffc7e67e704defb9e
D E=243.500000 CH=0,1,2,3,4,5 RAW="23.220,25.333,39.132,59.794,19.691,26.648" H=bcba286073d64f5be428e3f01a7b62bb6a2396159de303483573539c01c2226a
D E=244.000000 CH=0,1,2,3,4,5 RAW="23.029,26.120,39.737,61.654,21.018,27.255" H=1beba3732529af413bd2161383b602371abedec1de0104b8c364e6701f175fdd
D E=244.500000 CH=0,1,2,3,4,5 RAW="20.356,26.893,39.901,61.669,21.943,26.698" H=1f646952c91fd8631d5c530ca529f8feb419e0d2767f81d06d52d7adc9dd31f0
D E=245.000000 CH=0,1,2,3,4,5 RAW="22.508,24.890,38.687,59.544,19.711,26.868" H=c5beffd2bfaa34688ba54d13a3ed50c156217d13265bba2f4fa26cd9e766176c
D E=245.500000 CH=0,1,2,3,4,5 RAW="22.785,23.657,39.866,59.511,21.244,27.093" H=da44d68368a00cd550845b7c4a91cce5245ab678ceabd07fd415bf798cd297f5
D E=246.000000 CH=0,1,2,3,4,5 RAW="22.913,21.248,40.102,61.097,20.300,26.876" H=86a390eb5a98d3f1a8ca1b9313afe55be23ea0a0fe8f51623fcc1607bb766e00
D E=246.500000 CH=0,1,2,3,4,5 RAW="22.321,25.542,41.357,61.014,21.947,26.814" H=66e2aed4e7a2f68be2f41db2c7b25f3ebad30e7780abee74efa9f81102cd8745
D E=247.000000 CH=0,1,2,3,4,5 RAW="22.953,23.732,38.494,60.886,19.743,27.237" H=1d3dc1c9abed5af2f85fb03e580612eb77507736be0223c35f0ae3b2b458d044
D E=247.500000 CH=0,1,2,3,4,5 RAW="21.399,25.486,41.074,60.191,19.171,27.265" H=139b5ac94345c82862cd5af6fba56898368c3efbe269d2bc561d8abc9fc4d12f
D E=248.000000 CH=0,1,2,3,4,5 RAW="20.705,26.100,38.879,60.203,21.267,26.642" H=3e208f45d00676d6f25ae0e57343b0606b40fd3a67a8eb2c424fdde32cbc8a50
D E=248.500000 CH=0,1,2,3,4,5 RAW="22.426,21.768,40.191,60.277,19.073,26.882" H=05deb6eb130d2305753ceeccb45d81e221475912927a0e04939e49064a0c6dd4
D E=249.000000 CH=0,1,2,3,4,5 RAW="22.103,24.125,39.885,61.905,21.380,26.346" H=4489e08f7d1d8e43e541812c90f787a8c686beaa52261ab6e285735d60a16b32
D E=249.500000 CH=0,1,2,3,4,5 RAW="23.064,19.863,40.841,60.499,21.892,26.221" H=62ee99d4510ae70a7ad7001af0dc9ff51baaa6bda54b4822f76deb64f541bf58
D E=250.000000 CH=0,1,2,3,4,5 RAW="20.843,27.151,39.675,61.070,20.260,27.435" H=ebcacaef9ad382971fb021a186de9f27eddc1773f10976b6fbdf1bfdf116ee0a
D E=250.500000 CH=0,1,2,3,4,5 RAW="22.233,24.866,40.829,60.798,19.910,26.324" H=e4443e6063a39123d1f2c71b51b930f868e8aa5a58c2a58a9d0ccd386f90f98e
D E=251.000000 CH=0,1,2,3,4,5 RAW="21.525,20.059,39.907,61.291,20.663,26.894" H=f83ca28b38dcee6c0b77e7d64cbb076985c4f25d347ec551beb39fd05edcf5a7
D E=251.500000 CH=0,1,2,3,4,5 RAW="21.271,26.470,40.590,60.220,21.032,27.109" H=ca4d6d483ffa7700807c67e1664a1a53ed121beb45af5e4a8687b83fe5b33bd2
D E=252.000000 CH=0,1,2,3,4,5 RAW="22.509,27.079,41.633,61.102,109.845,27.041" H=3ef16accb8b70ee9c268c78751c6dc4069def4a2ce528aed57989ab774be3076
D E=252.500000 CH=0,1,2,3,4,5 RAW="22.829,26.954,40.490,61.372,19.448,26.811" H=4404468655872cfdbe61d6b360e878cb840490b60e80b4b9731f906e02375c9f
D E=253.000000 CH=0,1,2,3,4,5 RAW="21.257,23.401,41.269,60.732,20.845,26.545" H=16ed3b08c697fc79da707e18813c0db768209607ab8138c818ab8ba2448b9a84
D E=253.500000 CH=0,1,2,3,4,5 RAW="23.037,26.930,40.624,60.298,19.690,26.606" H=3c16ebd1955d042160ab912b67e2022c40d11e48a70972b72ca1c6fca47d0aa2
D E=254.000000 CH=0,1,2,3,4,5 RAW="21.879,21.281,40.856,60.382,20.100,27.084" H=9c8c230f9715f00bf40b5dfadee7a43936b3fd087795eb548fabd0a8abac634f
D E=254.500000 CH=0,1,2,3,4,5 RAW="22.197,27.480,40.887,61.742,22.176,27.229" H=c09c92fb96acd5ece2fde6f9b32bb0aee95cb4dc27c497a9c804205059954b26
D E=255.000000 CH=0,1,2,3,4,5 RAW="23.178,25.202,40.756,60.001,20.812,27.312" H=9ed8fc222a26da39b5cd9637f7d2053adbe0f6d31999fa889ee12676d9210fed
D E=255.500000 CH=0,1,2,3,4,5 RAW="21.957,26.789,41.267,59.287,20.776,27.271" H=283fbb68083f6012721c3f99af1e7ab87e24c1b896ee7ba3e8b53fb1d827143e
D E=256.000000 CH=0,1,2,3,4,5 RAW="21.676,25.760,41.203,61.324,21.175,26.879" H=668c96d0647e7746de664c16d1220f8958609945e575189d38e7cb1f8576f630
D E=256.500000 CH=0,1,2,3,4,5 RAW="22.413,22.566,41.507,60.304,21.834,26.799" H=59994b2171041e3ddf91d276d2438f433a1e3f3213cf21bdf852bba8df844a13
D E=257.000000 CH=0,1,2,3,4,5 RAW="21.532,24.327,42.002,59.532,20.713,26.941" H=6cbb13e298337a26728a763284627c8e23eae5b59fcd24c4de6477c660b2ba5e
D E=257.500000 CH=0,1,2,3,4,5 RAW="20.868,24.138,42.543,61.083,20.572,27.492" H=7b6c923e3ca1e1132ce1df0dc0ea6afb443810fff6a9bfe11a2a4a8655da38a8
D E=258.000000 CH=0,1,2,3,4,5 RAW="22.058,26.713,40.628,60.796,19.993,26.635" H=41b2a584acde1170904369c2d2887ad1ebdd2eb2414bf7f856d7447cd7c48c7f
D E=258.500000 CH=0,1,2,3,4,5 RAW="22.224,26.343,42.453,58.580,21.315,27.036" H=2d7bbea51d8cd80034a44e4ff15956e18c001df0c90ca5443ccc3f8a7cf46a2f
D E=259.000000 CH=0,1,2,3,4,5 RAW="20.931,27.838,40.528,62.759,20.756,26.599" H=104b9f54090f4f2d67a4d28418f9400e90bd01096b7a9a64a6e80ca17783b79a
D E=259.500000 CH=0,1,2,3,4,5 RAW="22.267,25.543,41.562,61.838,19.858,26.719" H=c6100324281c4dea232b1eba3883264012b36f2979d1cf21e0be4ed3f091f563
D E=260.000000 CH=0,1,2,3,4,5 RAW="23.497,22.463,43.092,61.017,19.811,26.975" H=29bcc59b80537c2ada0c36566aadd5296353eada16a68ba6d71f9167c7c79070
D E=260.500000 CH=0,1,2,3,4,5 RAW="22.684,23.241,41.037,61.389,20.761,26.893" H=0ebd2f8978452af5d49da1529562fa561326b34e0936a0d59bcdde5a2fcf7d42
D E=261.000000 CH=0,1,2,3,4,5 RAW="21.737,25.665,40.828,60.730,18.912,27.250" H=b95ff62a3bb51e2b140cfa2716bac7abc69485e3a715b65cc96779688898a9f7
D E=261.500000 CH=0,1,2,3,4,5 RAW="22.652,24.744,40.140,60.285,20.968,26.660" H=b7c28d026991c511728f76661630794c8de8a2a3fc1a0716bbde5172f354e8c5
D E=262.000000 CH=0,1,2,3,4,5 RAW="22.536,24.882,42.041,60.558,21.734,26.889" H=a5fe42d951ac25d5260f47614d38faf879ff07f4e40e8b8986d27e2ba48c3c4e
D E=262.500000 CH=0,1,2,3,4,5 RAW="21.996,24.917,42.064,60.215,20.055,26.581" H=b25a833639b9757f04abd6f5360fb9b15919b484e7d8acdc4c7532d51fd53579
D E=263.000000 CH=0,1,2,3,4,5 RAW="22.461,23.928,41.076,61.029,20.384,26.595" H=09676ec39115757f337cc4cbedf3d1131f3c6e2a43b941677a1eee50fc871831
D E=263.500000 CH=0,1,2,3,4,5 RAW="20.839,24.412,42.164,61.269,20.700,26.945" H=eea8a2aae775aa66b418e025667db5210d55f582635dc4674bf9485babbccd2d
D E=264.000000 CH=0,1,2,3,4,5 RAW="23.016,26.249,41.696,60.741,20.222,26.630" H=c0c141eeff13da205754e985ac6ba0f3f4e894f39dd4f9bf7688058ae78cd171
D E=264.500000 CH=0,1,2,3,4,5 RAW="22.482,23.523,42.365,61.054,20.783,26.866" H=b9e84ce665e76cd5773df3eb11dd2f843ca3cbee158cc8356cb441b79a59fd64
D E=265.000000 CH=0,1,2,3,4,5 RAW="22.891,21.591,42.203,59.943,20.636,26.419" H=6540ed3d3ab2aae20185e010444f71bd32ae89a40bc70a4e1e8860ee2d39547e
D E=265.500000 CH=0,1,2,3,4,5 RAW="21.546,24.363,42.288,60.691,20.889,27.609" H=7b52bf36bbd43c721541889940b164011b7dea1d2e8727897a85c947d3b96223
D E=266.000000 CH=0,1,2,3,4,5 RAW="22.850,25.749,41.841,61.293,20.845,27.314" H=e5ce14e46745d01d64fb20944ff042e22f026e58b506d2a4b732f3f542822950
D E=266.500000 CH=0,1,2,3,4,5 RAW="21.807,25.039,42.703,60.562,19.896,27.421" H=6a209f03b01d6271eed0807d6aebc0cec600665d8bc13d247194bcb5e357030e
D E=267.000000 CH=0,1,2,3,4,5 RAW="22.647,22.947,42.859,60.211,19.638,27.180" H=c69237935e25adb4a9b1b4454b14633bb0f6e3e7b94d74973ec82cf9ff92bf05
D E=267.500000 CH=0,1,2,3,4,5 RAW="21.813,24.362,42.494,59.513,20.107,26.660" H=e9055ea96c8c9855b4e5e4c27b3aa7fbf2985c0d42bab644e5380025eb86e938
D E=268.000000 CH=0,1,2,3,4,5 RAW="22.906,22.202,42.605,60.976,19.346,27.642" H=0d99bc511ad5d5c8c51a9804ff9e35fdc766838973042b7455cf418e32b38a45
D E=268.500000 CH=0,1,2,3,4,5 RAW="22.394,25.315,43.727,61.133,19.741,27.101" H=2525009409612d7c8e3aa0451d275be506193e7a72582fb56c96edb6957ab83e
D E=269.000000 CH=0,1,2,3,4,5 RAW="22.150,25.200,42.540,60.966,20.689,27.358" H=b6166896ea836e0f31499c3e4856aaf6457bd81191454ad7b6c3e7a5e86e7699
D E=269.500000 CH=0,1,2,3,4,5 RAW="22.103,25.402,43.314,61.816,21.658,26.847" H=64dc069c00f559dc09df05483e589664b02bbc375955f884f278dc6b5a1aa037
D E=270.000000 CH=0,1,2,3,4,5 RAW="21.927,22.082,43.943,61.509,20.410,26.965" H=be4a642e7a0fe52d81397fc96a6b662c588e7f825d306da8b6fbe0f16d8762de
D E=270.500000 CH=0,1,2,3,4,5 RAW="20.227,23.414,42.162,61.835,20.138,27.120" H=866edd4cf851c94b2f9fae8565e0355a45de40b5a6d32b8941f671410736c5b9
D E=271.000000 CH=0,1,2,3,4,5 RAW="21.481,25.448,42.595,62.051,21.589,26.763" H=1baf43fbb08786a60f39e231e20456a463e6f7e42faf59a82faed0646db8d190
D E=271.500000 CH=0,1,2,3,4,5 RAW="22.959,21.490,43.771,60.763,22.075,26.759" H=fc6897c4c2b8b0aeecf96af63de905f132aa2ac565ce759b6edf95ed4d51cfe1
D E=272.000000 CH=0,1,2,3,4,5 RAW="21.668,27.565,43.177,60.930,20.226,27.402" H=3ca48fc49c0dc3998097f7b079948761be97496e747107b03f496adefbd085e9
D E=272.500000 CH=0,1,2,3,4,5 RAW="23.502,24.614,42.560,61.441,20.329,27.024" H=166d5044e908cc283dec9081db8feaf9d4b1a6951bf3104e7d39e5a7f158d876
D E=273.000000 CH=0,1,2,3,4,5 RAW="21.818,25.871,42.257,60.543,19.992,26.846" H=ee8577e804b6aa89bbf29f81378b14ad93e10ebce742efcb08d3b25223442353
D E=273.500000 CH=0,1,2,3,4,5 RAW="21.908,22.324,45.362,61.276,20.103,26.840" H=0d11ed2c7aab9cb86b34229c265026f53feca12046b45d248c91f9f462d996ab
D E=274.000000 CH=0,1,2,3,4,5 RAW="22.253,20.945,44.352,60.063,19.138,27.383" H=eb4709ec6b1c2f897980bf48d8458c844a9ef74eaed77f0e8c4f88368d47e2a2
D E=274.500000 CH=0,1,2,3,4,5 RAW="22.493,23.554,42.975,60.517,19.861,27.214" H=7b87ddfa28a54b7389ce754add6e8560a8816dfb8172455257d561e930806937
D E=275.000000 CH=0,1,2,3,4,5 RAW="21.255,23.397,44.173,60.732,20.739,27.034" H=5b95cf6a89c50eb9c957c6bb892a0a6e104bb31567b2e8598163f52b85f063b9
D E=275.500000 CH=0,1,2,3,4,5 RAW="21.316,25.975,43.487,61.979,21.384,27.041" H=be10d42367cf1fcd495ff11d65d5541f2f236d589b8501aecae688fca1004b94
D E=276.000000 CH=0,1,2,3,4,5 RAW="21.162,24.622,44.621,60.457,21.438,26.969" H=a1702a34b86da2c1f634756bb0a65a9a3ba4106ccbf291ddb97032d35daabb71
D E=276.500000 CH=0,1,2,3,4,5 RAW="22.995,20.360,43.238,61.114,20.347,27.306" H=7686f70919a74154316b0cc574ef46522074fa513c53b9503d413c09de075f90
D E=277.000000 CH=0,1,2,3,4,5 RAW="22.499,25.213,45.150,60.925,20.537,26.920" H=b5c34e1c4ca6dce80c46d65aa3dd5e7aab8dedfae09ec5caa047ed2119ffc1ff
D E=277.500000 CH=0,1,2,3,4,5 RAW="22.063,21.642,43.807,60.179,19.718,27.211" H=130c0dcd32185000fa1f3235c2f3a25d3ad231102beccecb6751053b0663b8ab
D E=278.000000 CH=0,1,2,3,4,5 RAW="22.516,24.593,43.673,61.917,21.542,26.811" H=2cf80ca6bb9424e08eb39c213495546c84ea8d8c2fd9793f1332beb272f79f17
D E=278.500000 CH=0,1,2,3,4,5 RAW="21.256,21.005,43.254,61.153,21.436,26.794" H=8dd2493160f12fbe1c2dbe02c540da0389b7f4ba6c91060d9228782e9bfc92c5
D E=279.000000 CH=0,1,2,3,4,5 RAW="22.522,19.376,43.529,61.054,20.726,27.009" H=4dbfdf973a47b98a5fd9d6ab1e40e493031679922b610924fa06bd11ec7461ad
D E=279.500000 CH=0,1,2,3,4,5 RAW="22.186,25.299,44.071,61.079,20.423,26.838" H=9b0605100f9adac315d027732e630172bbb50eb508f7e7f26316039fc806fbe5
D E=280.000000 CH=0,1,2,3,4,5 RAW="19.887,23.595,45.096,61.259,21.096,27.513" H=95ffbada4abd7fd24649417add52e681119ec61b2a2dac6265825b8f0f90ff42
D E=280.500000 CH=0,1,2,3,4,5 RAW="22.588,21.541,42.808,62.472,20.295,27.170" H=a2d088ddc1d686c8db250769430ad7586cc60624fb84da387f4619f6da62ede9
D E=281.000000 CH=0,1,2,3,4,5 RAW="22.087,24.018,44.872,60.437,20.296,27.207" H=f4b8578149ac7f9d8c78cb2eb369680a892a5cf54c2a21b512dd6095e5406a7a
D E=281.500000 CH=0,1,2,3,4,5 RAW="22.611,22.004,45.548,61.097,20.897,27.216" H=b31d04abab7f392eee491c9704dfb3ce28be213aa5b344ed72f9e5b1d6c06858
D E=282.000000 CH=0,1,2,3,4,5 RAW="22.296,24.659,44.277,60.531,20.059,27.192" H=b393d7e4fbf0ac2fc635043ed07ac59df43735d0cc3f0c938b67803e32741bd7
D E=282.500000 CH=0,1,2,3,4,5 RAW="23.075,26.912,45.831,60.984,19.542,27.159" H=e83967b358f08ac68a1e88535bc890b8e6df43964078ed8415ac90afe1231d87
D E=283.000000 CH=0,1,2,3,4,5 RAW="21.349,24.222,42.744,62.245,21.419,26.497" H=959676daa14f4fcdc465df1bdabfd746099d2e63d4b7b0df280cb7ea2970d9f6
D E=283.500000 CH=0,1,2,3,4,5 RAW="23.068,24.763,44.909,61.865,19.982,27.102" H=625c6f790bae3e3b59dd1fb95ad9d0745edf4bc4ed51ddb650e6209abb2e455b
D E=284.000000 CH=0,1,2,3,4,5 RAW="22.945,25.446,43.865,61.320,21.027,26.212" H=d01e55ff6c4ef06b4e3c31802f3f2edb956d9141a85826ad0b4454bd37692e10
D E=284.500000 CH=0,1,2,3,4,5 RAW="22.971,26.053,43.603,60.608,19.680,26.748" H=b03886ed92bb73a7d34403a3313669b313a8998defdf9f8efc86f5cf9077fa6e
D E=285.000000 CH=0,1,2,3,4,5 RAW="22.816,22.906,45.759,60.857,21.121,26.717" H=92d067f6b9cdf6f8b1108b23a1d85d74c8b3c7751c39096e079208de9423666b
D E=285.500000 CH=0,1,2,3,4,5 RAW="22.478,25.422,45.266,60.921,20.106,26.473" H=d4c3b26ac8d3a41b087ef6c61a3c263ea312ca9bb39e691510aacd42bf228c1d
D E=286.000000 CH=0,1,2,3,4,5 RAW="24.240,25.810,45.384,61.094,20.528,27.388" H=a4f5033e204e3c5a38e8b820412646640e6acf0c8a6c92953ba3c5357ca6c904
D E=286.500000 CH=0,1,2,3,4,5 RAW="22.082,23.508,44.534,62.272,20.965,27.387" H=9b083da948d482bc950daf3769be0ecf837d94e35a44f4253e3cd84eeac092ed
D E=287.000000 CH=0,1,2,3,4,5 RAW="21.142,22.683,45.327,61.526,18.910,27.011" H=cf18e19ffa370b94037754ffb2260d4d37005d26a10d8b5d7556c3202b961b51
D E=287.500000 CH=0,1,2,3,4,5 RAW="21.640,24.095,45.548,60.584,21.098,26.772" H=c0c3f1bb22ff2f5f59455d448235e65a3aaf65d1e7ca3e19a777d8d8d89b14c8
D E=288.000000 CH=0,1,2,3,4,5 RAW="22.155,23.710,43.746,60.776,19.741,26.495" H=e268b8b8b067fb48943d5cf87fb59b5406eb34e054ddaa2a807a7bf320fa4c97
D E=288.500000 CH=0,1,2,3,4,5 RAW="23.656,24.700,44.632,61.684,18.722,26.567" H=827a9aa0a1b360c7f3697c68194d83a7a9ed1d959ad9e631e3669e39e915a1f0
D E=289.000000 CH=0,1,2,3,4,5 RAW="22.380,18.722,44.988,59.877,20.308,27.706" H=a140166a1e02bc12a64892839e7672d381518fa5bfcbad6ecc104d72d9270bff
D E=289.500000 CH=0,1,2,3,4,5 RAW="21.851,25.188,45.777,62.236,18.533,26.444" H=52e26aa4802901b8568ce572c5b74fd980652a0ae43c0a7e9096237a621ecd1b
D E=290.000000 CH=0,1,2,3,4,5 RAW="21.510,25.559,44.310,61.332,19.526,26.590" H=68c12e7db8c74761ef2e588c5e85283d68ccdd4bb188b122c3f2abdc11a33942
D E=290.500000 CH=0,1,2,3,4,5 RAW="22.030,25.963,45.644,60.767,19.879,27.308" H=5ca12dc415512d07dbc0c697a5e9a7fa28651d97c8be64321414ac3ba562aa34
D E=291.000000 CH=0,1,2,3,4,5 RAW="21.540,26.152,45.822,59.341,21.074,27.058" H=732686c850bcaaac870b5ee63611d587e5020fc6bed5184586b0a116b12f92de
D E=291.500000 CH=0,1,2,3,4,5 RAW="21.679,25.668,44.872,62.297,19.119,27.356" H=58ed1e556ea55a49ea6b16f03daa546b0fc929f56b969821ce96079be82d7688
D E=292.000000 CH=0,1,2,3,4,5 RAW="21.638,23.122,45.954,61.001,19.886,26.454" H=3cd9ccb9747f86a469569bb789c99a309acdce968627f61b7ad840d7d5bf18b2
D E=292.500000 CH=0,1,2,3,4,5 RAW="23.455,20.605,44.744,59.520,20.436,27.193" H=84c84005023eaa41fe0b03887eac55325dae2386edbd58c1e26deac37f8ce08c
D E=293.000000 CH=0,1,2,3,4,5 RAW="22.825,22.795,44.926,60.965,21.501,27.293" H=96fe503cbf0df5566be1789163235fbd0a1de9d4cc5b2fa1c01f15dee3ea9d21
D E=293.500000 CH=0,1,2,3,4,5 RAW="23.245,25.107,45.239,60.595,19.671,27.391" H=4c404a6290e8968bf856d441f29cd1cd178f5dc14463ccfea70c7a34677d0fa6
D E=294.000000 CH=0,1,2,3,4,5 RAW="21.621,23.256,45.890,61.315,20.912,27.133" H=8f9cc63b88f740d5108d0fa2a0a2ad0fdd596e311dd04f2cb78294b52b6495ef
D E=294.500000 CH=0,1,2,3,4,5 RAW="21.631,25.282,45.417,59.680,20.264,27.172" H=9c18b05d40d9f179fd13c2f72d7056c1c7b43114751ad42498682700c8394f1c
D E=295.000000 CH=0,1,2,3,4,5 RAW="22.907,24.376,46.539,60.728,19.080,26.913" H=978ae6e1fa9ed5b8811d9a8c41af37e0263ada3716b1d93bf9f58564d4459033
D E=295.500000 CH=0,1,2,3,4,5 RAW="21.733,22.751,46.333,59.521,20.053,27.378" H=37aa5ebeb3990876a6cbfa8e76d6664ad92f58749300ff9c5671b6647d07b75c
D E=296.000000 CH=0,1,2,3,4,5 RAW="21.232,22.272,44.910,60.490,19.906,26.997" H=8149517ec07eb207845a095b94116ab52fbc01b56a60e5199f86c87d469b4b6c
D E=296.500000 CH=0,1,2,3,4,5 RAW="22.354,23.011,46.314,60.692,20.702,27.786" H=c720b01d74d5a1ed384389698bf0787e67f9e7b338f60964ced5b1b0768eeef7
D E=297.000000 CH=0,1,2,3,4,5 RAW="21.638,22.943,46.970,61.723,21.785,26.802" H=d5b40a4e0b39ca732ff7c69519e123c85666e133b45ed97f7c6748ba3cf76049
D E=297.500000 CH=0,1,2,3,4,5 RAW="21.061,24.594,45.704,61.785,19.866,27.202" H=e5e8478c7070e83018231be24842b60c953f3c46a5f7c99a116da3fe0961f679
D E=298.000000 CH=0,1,2,3,4,5 RAW="23.221,25.553,44.521,61.475,19.747,26.622" H=076268d922a19b9a1e8bf35c9ab77d71a7082b1b1a4f7bf19569ca41eba1be37
D E=298.500000 CH=0,1,2,3,4,5 RAW="21.641,27.380,47.439,62.388,20.802,26.716" H=3de99a8996765c88cfb668650bb500876df14c70c33267c6fde6e01e4d473cca
D E=299.000000 CH=0,1,2,3,4,5 RAW="22.360,23.252,45.677,62.318,22.070,27.277" H=4d417396045b69bc937c1bba40ceda0b744f150487457c55438985432aa87c24
D E=299.500000 CH=0,1,2,3,4,5 RAW="21.369,25.345,46.032,61.425,20.424,27.527" H=7dffdc9636800337e3c0c8d834b047411c7d86f862f587968be8ce452790586c
D E=300.000000 CH=0,1,2,3,4,5 RAW="20.852,23.038,46.023,59.939,19.859,27.704" H=413f9a1ce9cd52adbfcb33c3bd7bbcda5f0edf1aec9a08585698bae0a42a50ea
D E=300.500000 CH=0,1,2,3,4,5 RAW="21.489,22.542,46.599,61.730,22.052,26.329" H=b647f88ce12935c5fb65c1f72844ff4dfcfc903af76cbf00f5cc3865f814d545
D E=301.000000 CH=0,1,2,3,4,5 RAW="23.146,27.433,45.560,61.324,20.789,27.700" H=9f76eeb1a688a78966684485607d7b0edfce31a54d52e4cbcdacedde57c45bf7
D E=301.500000 CH=0,1,2,3,4,5 RAW="21.958,20.296,47.226,59.982,20.136,27.557" H=dd1255ec7adc26d93ca0b34d54aee758c3d9fd6cb9c67a3c53478ca6b0bcda88
D E=302.000000 CH=0,1,2,3,4,5 RAW="22.128,29.367,45.103,61.097,20.006,27.647" H=e9e050f36edaf49f9315e287fa2f5d539f24007e74ee499d288794ff5fcb998c
D E=302.500000 CH=0,1,2,3,4,5 RAW="20.435,25.011,46.825,61.105,20.104,26.514" H=c5c012af2a1946e63156efe59df7df01a68cf9d0626fc747859af306a881603a
D E=303.000000 CH=0,1,2,3,4,5 RAW="21.612,24.375,46.104,60.321,20.031,26.801" H=1ca2698a39ed66efe10ec3dd57b1cd069d1da8fb4a65c7987a410743172f9501
D E=303.500000 CH=0,1,2,3,4,5 RAW="61.755,24.401,46.428,61.419,20.272,27.191" H=a766493b0b100bf3dfbc51cf65e20255eeebcfaf08335f441e42fe838989690b
D E=304.000000 CH=0,1,2,3,4,5 RAW="22.134,26.158,47.570,62.437,20.800,27.311" H=ad184d1132ab955c0baf637c3ffc1a85f377162f3c8ff0e21f2bdfab8aafd41a
D E=304.500000 CH=0,1,2,3,4,5 RAW="22.369,25.438,47.072,59.500,20.720,26.853" H=26fe1ef7819f9dc3b2048dcdf26a0d9624652bb7c30fca0b672849546be49be3
D E=305.000000 CH=0,1,2,3,4,5 RAW="22.511,22.586,45.359,61.075,19.664,27.103" H=0ec5101bb853b2d94e447cb7b53dff98fbf64fa92ddcf2888d1d07bec5aa4404
D E=305.500000 CH=0,1,2,3,4,5 RAW="22.816,27.141,48.730,60.274,21.155,27.241" H=b9c9ea990fd7c22c5096c8bf37342608cd1eeb46ff0db7a1e35864a4e1e22e01
D E=306.000000 CH=0,1,2,3,4,5 RAW="22.004,19.648,48.453,62.249,19.196,27.953" H=fab487366b0b7855e3f199c5bd03f7225854f91af9c881eadaf13963801b2844
D E=306.500000 CH=0,1,2,3,4,5 RAW="21.422,24.710,47.039,61.550,20.450,27.481" H=3ab3df2aafea7978bbd41ed325ab6c0b00da6ef6a95bad438134d4eef231694b
D E=307.000000 CH=0,1,2,3,4,5 RAW="22.709,24.104,47.773,61.772,20.629,27.101" H=eea836401cba5372def6c5cbbe5c9cc3e826e12eeaa3c3a88c7c2b6bd69ff068
D E=307.500000 CH=0,1,2,3,4,5 RAW="21.485,23.803,49.003,61.551,20.372,26.871" H=515da9525d4f3370d2a6c48713bfd278c749f1168a7fdf2e710d4919680371e9
D E=308.000000 CH=0,1,2,3,4,5 RAW="21.287,23.926,46.905,62.085,21.256,26.710" H=267cbb47ddfa3c35176c97f3e0b2fb7ed317dc4bd843aaac027cff423f38645c
D E=308.500000 CH=0,1,2,3,4,5 RAW="21.592,23.927,47.167,58.702,21.515,27.430" H=73ab2a93e7eb4c284ba0ac2f9a026751d7380e19f905f4cc2fc10e87911670b9
D E=309.000000 CH=0,1,2,3,4,5 RAW="23.581,21.437,46.938,59.333,20.697,27.063" H=b934c7cee103895bda167ddd28c0e461987250f5303bd30f30dfe3e9ef90d771
D E=309.500000 CH=0,1,2,3,4,5 RAW="21.278,25.062,46.385,60.215,18.918,27.516" H=8ae7fc3685b502976562e2ec0c3ecf9ca75dc80901a0020126466d60110d2c25
D E=310.000000 CH=0,1,2,3,4,5 RAW="22.829,25.575,48.049,59.476,19.530,27.023" H=dbb25906f6098483c513029cd80884a2afe530f96d7526363cf789eac4329f02
D E=310.500000 CH=0,1,2,3,4,5 RAW="23.133,24.880,47.871,62.285,20.100,26.878" H=3da5823c1c9a1536d10b4bb96f3d0ba8aec044d98727693889f90c0051e27930
D E=311.000000 CH=0,1,2,3,4,5 RAW="70.088,24.089,47.237,61.413,20.004,27.027" H=346fc914540811568fcaea8c7329653a482f0dc26048f945d4bcb67d22fbd5e9
D E=311.500000 CH=0,1,2,3,4,5 RAW="22.917,24.726,46.502,60.653,19.223,27.489" H=209f8310bb78f1c4b2ae5ee6b3a77cd9a53b47af2fab86f64b3a6a6dca0f7669
D E=312.000000 CH=0,1,2,3,4,5 RAW="21.601,25.538,46.713,61.523,19.563,27.093" H=8939764ec195f6bde5e3c3b87e0662eda5ccdfe6e6116d2b8c47d12091db7f59
D E=312.500000 CH=0,1,2,3,4,5 RAW="22.231,22.366,48.458,62.481,19.324,27.307" H=eb273cb3430f3b3c48a3dc875a5e57337661e82b3eca0e150a1c29f9b5d539fe
D E=313.000000 CH=0,1,2,3,4,5 RAW="22.147,23.286,47.832,61.457,20.478,26.992" H=bb645a200768852d3d82c895bb0e299b8aab6568c5b2fd63f8b424948c8b8d28
D E=313.500000 CH=0,1,2,3,4,5 RAW="21.238,22.281,48.137,60.592,20.145,26.410" H=811ac5f76b0c4953caf878920561a06787d00beab977ee026b325f566742a759
D E=314.000000 CH=0,1,2,3,4,5 RAW="21.244,26.691,49.071,61.005,20.293,27.066" H=a4b2a001b3e1b3e0f46d13fb91249b009817e45f3dd53de926428574795043b6
D E=314.500000 CH=0,1,2,3,4,5 RAW="22.397,25.530,47.655,59.833,19.898,27.824" H=e447cdcc31b0b034b6ed7e076460e226337c38abc22ad80a8011427ba686b2c0
D E=315.000000 CH=0,1,2,3,4,5 RAW="22.151,27.596,48.391,61.637,20.828,26.783" H=19880f09dece79075a404b7451a5d41a3add041156bf79ddfa3a80179b577064
D E=315.500000 CH=0,1,2,3,4,5 RAW="21.388,26.472,48.763,60.252,18.935,26.905" H=49778621abdc3b97beca27c445f453a0ad8f8bf7f4a96f0dafbd95c7d5894278
D E=316.000000 CH=0,1,2,3,4,5 RAW="22.523,23.751,48.932,60.585,20.775,27.356" H=d2f36bdf221bac3e7ccf3958c274a1dd1321217add07b33d25d95645a28e4437
D E=316.500000 CH=0,1,2,3,4,5 RAW="22.025,23.471,47.918,61.638,20.169,27.197" H=e96c1e9da47f5d972359c0505f0c54f170a1ca52ec004a791ee7dbf0a66a4653
D E=317.000000 CH=0,1,2,3,4,5 RAW="20.856,23.017,48.977,62.438,21.030,27.520" H=d51bee79d0c81a5c9fb3755696ffec031537d8a1a7f2426618d25926ac6d03da
D E=317.500000 CH=0,1,2,3,4,5 RAW="22.892,25.933,47.835,60.689,20.903,27.418" H=9a26537373e4b9e57c87701dc6ee510a175dcf03f889ba9fe45df9deefd7161a
D E=318.000000 CH=0,1,2,3,4,5 RAW="22.749,24.575,49.389,61.141,20.743,27.148" H=d488ecdd67e1d108467e3f425b6e8df55e8272cd9bdc8bef3945bc2537dbb247
D E=318.500000 CH=0,1,2,3,4,5 RAW="21.085,24.469,48.436,61.180,20.726,27.171" H=9212a564e52f3df7124fa39e3c7cbafb31aea650a2aa8adef84313946f7151f2
D E=319.000000 CH=0,1,2,3,4,5 RAW="20.943,25.918,49.628,61.255,21.344,27.811" H=5fae53a202bfe31b783e2c9191e1d260434b66e1eec1ab7585ba1e074b7069bd
D E=319.500000 CH=0,1,2,3,4,5 RAW="22.094,23.363,48.968,61.770,20.219,26.773" H=979ac49885535c2ac2fa329d9ba183c09c3d69a3aa2409fc2e30b0e5e3d2d85c
D E=320.000000 CH=0,1,2,3,4,5 RAW="21.101,24.972,49.137,61.339,19.697,27.228" H=9f0bdf7137d90a36c0aefc668cd9502af3ed27699623d5d38095f49839dac44a
D E=320.500000 CH=0,1,2,3,4,5 RAW="21.856,25.549,48.689,61.432,21.083,27.148" H=ddac04729e9f85dd22c87050ba748ff66b98243d699cd825dc322d344ed8818d
D E=321.000000 CH=0,1,2,3,4,5 RAW="23.735,23.802,49.688,61.233,19.829,27.087" H=b449b346dbd00595d975a6c4d1eb86a3e481876227f065e1c4e25db2dd98bade
D E=321.500000 CH=0,1,2,3,4,5 RAW="21.553,24.892,49.165,60.625,19.045,27.554" H=36c7f437e8ed27de98750c3046732e031f2e2d532a84f4d152298ac57944708e
D E=322.000000 CH=0,1,2,3,4,5 RAW="22.695,24.190,48.503,60.080,20.882,27.069" H=58f6fdd29eb6422df684b89f4946d5c141c0f0a1266f4cd0ad781974891b563e
D E=322.500000 CH=0,1,2,3,4,5 RAW="20.601,24.237,48.927,60.912,20.581,26.707" H=6f2ec7ef6e73ec9873e23a77e2b96f603e48689ca5c02e0894be4d5e5fb6747d
D E=323.000000 CH=0,1,2,3,4,5 RAW="21.206,25.708,49.697,61.154,19.621,27.061" H=eb567c0e496a48a86f5c3d2dd1d4ab3b30891dce7dded382ad9469dc3e17f005
D E=323.500000 CH=0,1,2,3,4,5 RAW="22.328,23.932,49.803,61.467,19.686,26.937" H=2ae3972cd0a6f89369f3bb7f2c832989f51518cc5f2f73818cb3b2d221bdab4d
D E=324.000000 CH=0,1,2,3,4,5 RAW="22.127,20.257,50.015,61.409,19.489,27.317" H=9fe3bb9947f20a0c60c191119ed5d69e18993fc556cc7c3cd32e4f359b1738eb
D E=324.500000 CH=0,1,2,3,4,5 RAW="21.039,22.376,50.200,60.573,20.748,27.066" H=2bcb2ddb5542d7509d3b2cc56109c918364b8bab9059f085ff93a2bb3ed571b1
D E=325.000000 CH=0,1,2,3,4,5 RAW="21.977,26.583,50.797,61.464,19.856,27.535" H=45504e8e15a04f785c87f5806918658cedf934ec4a9d1b2128e4e865554dd0b4
D E=325.500000 CH=0,1,2,3,4,5 RAW="21.602,21.237,49.572,61.068,19.575,27.301" H=433e4c3b52cde89842934a6e503ee235403ad0c2b0952d225153310d2dc67978
D E=326.000000 CH=0,1,2,3,4,5 RAW="22.016,24.986,51.303,61.145,19.904,27.343" H=f9de361a96ae0763167a9a633fb55c9ac684a5927b766f1c175fd8099e60a7ec
D E=326.500000 CH=0,1,2,3,4,5 RAW="21.415,19.512,50.381,60.254,19.743,26.746" H=e4b9c333acdd5e69b6bcdf3997b09a6b8f3d53ae6186603d3889e050cb10b22a
D E=327.000000 CH=0,1,2,3,4,5 RAW="22.650,20.814,49.653,59.829,20.332,26.927" H=29f46bfd5d02e3557c13bd92481ba13c2827b2be12339fdbec44b01ed4afef54
D E=327.500000 CH=0,1,2,3,4,5 RAW="19.479,22.281,49.045,61.247,21.444,27.008" H=02313886635e487db9e73902c4daa91d26b73f7a3197534275cb494338ed4b6c
D E=328.000000 CH=0,1,2,3,4,5 RAW="22.230,23.923,50.359,62.274,21.006,27.274" H=e8f99714818fa73ed0d9e5c517cae8d2fa3c1c9017dd62a6ea34e367808bd0c7
D E=328.500000 CH=0,1,2,3,4,5 RAW="21.042,28.181,50.092,60.776,20.594,26.725" H=4d068d020f733f8c1c311125d3a5374eb13855bd98138d79ac00a70ee029c9a5
D E=329.000000 CH=0,1,2,3,4,5 RAW="20.005,24.899,49.683,61.170,21.159,26.985" H=1bfe77094430d324c92be5b6430033f1103f89540e18504f33b449b5d24df349
D E=329.500000 CH=0,1,2,3,4,5 RAW="21.662,23.362,49.072,62.024,20.186,27.235" H=7bebe454efa96240758f6041ca8878750a9c7da0258996a4aafd04347e19776d
D E=330.000000 CH=0,1,2,3,4,5 RAW="20.598,23.225,50.044,60.458,19.482,27.125" H=10ef340b003d4c9ebe809d6451af347e2156dd8202a73c0d88a396b6f4e2d489
D E=330.500000 CH=0,1,2,3,4,5 RAW="21.706,22.527,49.460,61.909,20.839,26.894" H=5adc4bb47a449b9e2cd875e865184cb11df9470f6fe92f268e4a1dc184c9debb
D E=331.000000 CH=0,1,2,3,4,5 RAW="22.295,23.799,49.413,61.433,21.629,27.383" H=f4d3084df44db4a9f2c63ec806631ece97ac7d7667bc346d92a3dd41b761944e
D E=331.500000 CH=0,1,2,3,4,5 RAW="22.511,23.552,50.549,61.045,19.988,26.859" H=2996dcef6ccf25a08648beaaaf8952ec17c6109a17434bb3af48e11fde09ec83
D E=332.000000 CH=0,1,2,3,4,5 RAW="21.611,24.272,49.818,60.569,21.829,26.805" H=186ca975396c410bbc02e70481b91bcb1cbefd135c40253e21bd42204456a75e
D E=332.500000 CH=0,1,2,3,4,5 RAW="21.937,24.886,50.270,62.192,20.752,27.200" H=60a66b55a7c9fbbf42bc099d43efeb43b02288b64445773dbd68bfa853d6780b
D E=333.000000 CH=0,1,2,3,4,5 RAW="20.310,26.624,50.911,60.672,21.187,27.137" H=476315c536370b240669c881cb0588f487ac1583b011179fd23f7af9355f8009
D E=333.500000 CH=0,1,2,3,4,5 RAW="23.290,21.786,51.004,63.054,20.360,27.239" H=0497b7623baa2d85c50dcfa5cd9a99afc40d66b7aeec8becbc85c970ef2b691e
D E=334.000000 CH=0,1,2,3,4,5 RAW="21.086,23.222,51.789,61.091,21.031,27.284" H=dfc137b915dc2f44097b5501ad1b14a68c76d1fefee91f25729a2f76274ea079
D E=334.500000 CH=0,1,2,3,4,5 RAW="22.371,25.237,51.283,60.757,21.867,27.051" H=80b84c2eabbe544b66fea5bca2a0fbd9145f4abf721e47c70f34c2e3d8086b31
D E=335.000000 CH=0,1,2,3,4,5 RAW="20.732,27.491,50.929,60.665,20.785,27.362" H=f81c4e470472abebfe405738ada7719546fd2a101721356ea164b0eabc88958f
D E=335.500000 CH=0,1,2,3,4,5 RAW="20.906,21.475,51.439,60.014,20.191,27.472" H=ffe671c33cc70fa94b716fbfe97129b18aadc3d1e1fdf3596550c7d111784478
D E=336.000000 CH=0,1,2,3,4,5 RAW="21.955,26.396,51.251,61.083,19.955,27.301" H=e834dfc9f2c3e2dadef31673bd4f5348c482f84a10e24c9f5aaa5e5416affd3d
D E=336.500000 CH=0,1,2,3,4,5 RAW="22.017,27.009,48.949,59.951,19.947,27.305" H=9c1ec6647b99f4e37b06e7514646af8f6e425f02d32fa39f11ca98fed0dc609b
D E=337.000000 CH=0,1,2,3,4,5 RAW="21.998,25.058,51.426,60.385,20.604,26.690" H=0fdbf28ee7d6b5ebf84e095e95e45c5c68208c98cef8c354ecbd85d282d918ab
D E=337.500000 CH=0,1,2,3,4,5 RAW="21.819,24.508,50.682,61.114,20.669,27.337" H=1340c790915d7a72f3f1f406c226e8196217b2aafefbc93fce8af3713ba8304b
D E=338.000000 CH=0,1,2,3,4,5 RAW="22.047,24.633,53.029,61.004,19.649,27.220" H=0b309d4162f3fda7f0e39d1e88a09c55db00b31cce1f75ffa19198fb60f6a57c
D E=338.500000 CH=0,1,2,3,4,5 RAW="21.420,22.273,51.305,59.560,-91.585,26.943" H=09304f4884678c870b1dbab3c974d2d9f6b44de86a5c6df2cc9d283372595c06
D E=339.000000 CH=0,1,2,3,4,5 RAW="21.705,22.309,51.503,61.620,21.580,26.591" H=2fcd965bd3ff9fe2df440435862c30095dfee476f6544e6e0483e871fa48acd9
D E=339.500000 CH=0,1,2,3,4,5 RAW="22.215,24.131,49.271,62.073,21.087,27.317" H=dcede1f15a7bac8dfe9520a22d14d9dd8d5be7e22cf87363415cc717b767d39e
D E=340.000000 CH=0,1,2,3,4,5 RAW="20.997,25.316,51.080,61.013,20.047,27.522" H=24a01d8f6735a1eb0707f32ef474d29a6f35806e3a5adab9c0a079882bd82016
D E=340.500000 CH=0,1,2,3,4,5 RAW="21.493,26.519,51.957,60.706,22.033,27.061" H=6f60f6f1c8b1c3688c44d614222955a692c9c6608fa6a10517129f1e7601829e
D E=341.000000 CH=0,1,2,3,4,5 RAW="22.339,28.180,50.908,60.121,22.084,27.203" H=226bf8cd6c6430732c86134b52ef332e49b2ace4366e4b235532729e2f977856
D E=341.500000 CH=0,1,2,3,4,5 RAW="21.922,25.595,52.072,60.993,20.799,26.800" H=4dcf6e54fb192470e90801d32b24280c39e296dff823377c0e11db033623a06e
D E=342.000000 CH=0,1,2,3,4,5 RAW="22.490,24.120,51.831,59.419,20.705,27.233" H=6ea7cea074a8303564f4c63e8beeecb035945e55dafab86d435359b943dd36a0
D E=342.500000 CH=0,1,2,3,4,5 RAW="22.080,22.653,52.197,60.563,21.767,27.520" H=df8297581f21d64b3b51933b9eb514412f842684df0edff35055cb1e03b43e22
D E=343.000000 CH=0,1,2,3,4,5 RAW="21.411,22.434,53.070,61.651,20.693,27.156" H=d607c3602f9039eac68647594153a6e5085c4e309861747d66db85fa1a2830bd
D E=343.500000 CH=0,1,2,3,4,5 RAW="21.839,25.287,50.170,59.793,20.012,27.494" H=b99c266416d30d35e6c65f28e700e5d4db6384fcc13aa5b68f2749674486bb0a
D E=344.000000 CH=0,1,2,3,4,5 RAW="20.693,24.319,51.871,62.095,20.784,27.487" H=1f09c7a26097fb96f9673343f24823703e1890dfab811d8d9e35cc3c47f06e8d
D E=344.500000 CH=0,1,2,3,4,5 RAW="21.749,20.560,50.166,60.342,21.209,27.272" H=9ea2b2e7b1ab164615830d02fbd9ff693c8b391cad205774cbf97ea5a6355c3d
D E=345.000000 CH=0,1,2,3,4,5 RAW="20.789,24.490,49.653,61.896,22.267,27.046" H=42d03a322be743b08c6f6d0970ee41fa145a5d96591eb674e0ece279eced146d
D E=345.500000 CH=0,1,2,3,4,5 RAW="20.165,23.891,52.934,60.436,21.619,27.289" H=51048b81117510cffccad194347fa02a55eb95e99c1e2463ff9169d61c6423a4
D E=346.000000 CH=0,1,2,3,4,5 RAW="22.516,25.845,51.231,60.790,19.592,27.118" H=a156c6e38653fc0d8b47e7740333be014b8bc8372fae66ff6cce7217f2245c83
D E=346.500000 CH=0,1,2,3,4,5 RAW="21.059,24.112,52.085,60.815,21.143,27.217" H=0fc0362a0ec8c337b549caf3b63e6137a423ee1323a7d7bf31ddeb70482587ac
D E=347.000000 CH=0,1,2,3,4,5 RAW="22.117,21.575,52.261,63.477,21.352,27.560" H=9fbf258ef7ccce25396361ec4a78e846864670cecf8fef4a9977c484f28fc35b
D E=347.500000 CH=0,1,2,3,4,5 RAW="22.694,26.704,52.414,61.566,19.897,26.984" H=5a65eee81ddb6470a9033e76ec85feade2720bf068e948a134f34f65f2dd7f05
D E=348.000000 CH=0,1,2,3,4,5 RAW="21.979,25.124,51.653,60.700,19.791,27.291" H=0e3a3a89380064385e33e4ef200d22db4482e8b5f1de478ee8144136faa75ce0
D E=348.500000 CH=0,1,2,3,4,5 RAW="21.138,25.209,52.246,60.152,20.949,27.411" H=2381e22675c8feb35b92c029a3a285c321d041dc74974f629bfbea7b84fc7262
D E=349.000000 CH=0,1,2,3,4,5 RAW="21.578,23.664,51.441,60.898,18.882,27.231" H=699de239c7c7aa4b4a60153b1a48d9fc28a546bf639360ef8e6d375d788c3260
D E=349.500000 CH=0,1,2,3,4,5 RAW="20.649,25.241,52.327,61.361,19.209,27.363" H=48144c68c59ba17c5c15923773aece03dddf34481a0f775d7c7ad33068463862
D E=350.000000 CH=0,1,2,3,4,5 RAW="20.726,20.940,52.930,60.886,20.403,27.212" H=6a91741a9f440736a4a22d7be6cc223bafae538832789242555539533747c197
D E=350.500000 CH=0,1,2,3,4,5 RAW="21.873,24.851,52.441,61.454,20.185,27.028" H=ef5356bcca494145a4d3296febbffe96576fec15af9f743859d13e9a0c3ec26f
D E=351.000000 CH=0,1,2,3,4,5 RAW="20.227,25.348,53.735,60.509,19.371,27.633" H=bbb47765949741dcfca249527d002370b4e6787c039379e935e0e56cafae25e5
D E=351.500000 CH=0,1,2,3,4,5 RAW="21.413,26.069,53.011,60.980,20.570,27.604" H=139dfe6324e1ee8286f6e684d4ecf577f86cafbba5f5639d63e272d8fc60e3f0
D E=352.000000 CH=0,1,2,3,4,5 RAW="21.004,21.521,52.778,63.033,21.455,27.568" H=07773b3169565fc6f0d472f8a5002a5cb857c6cf5b49fc994924bed377f337d1
D E=352.500000 CH=0,1,2,3,4,5 RAW="21.838,26.680,53.602,60.284,19.624,26.966" H=c814cd93e3aaecc5b05110c084c32cc44c62a709b059a0fe39e0f072f7432608
D E=353.000000 CH=0,1,2,3,4,5 RAW="22.250,22.139,51.706,61.400,20.101,27.239" H=6a9175a657e3c44e792205dcd2534bcb2d79c32f18869a0bd603126b84cc092b
D E=353.500000 CH=0,1,2,3,4,5 RAW="21.287,26.994,52.842,60.788,19.734,27.774" H=31a7270d9b6b744d2faae7f2ff7c4a8c2037577c4504bca4cace280202f6034c
D E=354.000000 CH=0,1,2,3,4,5 RAW="20.848,23.590,52.470,59.907,18.858,26.908" H=fc5ae063376ac9b2ce75ff43e454917558fc99539f0bb04c4f84b6cb4e4b244b
D E=354.500000 CH=0,1,2,3,4,5 RAW="21.615,26.268,53.275,62.182,19.865,26.850" H=b8a8a8bc85b71f56d579aea003751aed69a2c7d4767d64248fa62ca92e560227
D E=355.000000 CH=0,1,2,3,4,5 RAW="23.043,25.709,52.737,62.141,19.781,26.841" H=62c107d686f56c9627d540b82a5b50fb071b57f2e77650f4d0cb39db69e6caa9
D E=355.500000 CH=0,1,2,3,4,5 RAW="21.793,23.795,53.241,61.197,21.040,27.345" H=9941e33ff0b98cbfb7d66543c3299b2fcd4cd73c53a9b5c51dd5184c642cf9c7
D E=356.000000 CH=0,1,2,3,4,5 RAW="21.245,22.642,54.167,61.684,20.356,26.640" H=045255351960db0de8afc72d4be1c6397f83a7e53dd265f0783e57e70b4d7fde
D E=356.500000 CH=0,1,2,3,4,5 RAW="21.630,23.341,53.282,61.226,20.915,27.042" H=af396a0aecd9ac7f5512051f5fc61bd8105b59360ef7bfa617a877bd4ac366f5
D E=357.000000 CH=0,1,2,3,4,5 RAW="21.224,20.817,53.329,60.555,19.138,27.145" H=df915a4b926276493f1698fb43d3f6e7da68373060bff22a65ae296282c5db7d
D E=357.500000 CH=0,1,2,3,4,5 RAW="20.947,22.657,53.313,61.324,19.714,26.586" H=ad32debf37d93ade5342a3728af4cb90e2961a677f610ae96843d82dec7aecd9
D E=358.000000 CH=0,1,2,3,4,5 RAW="21.604,21.944,52.279,60.145,20.841,27.380" H=538729a28144ef591a638d2afe71f1b8b5c06a3db819c6d1155e085f421a90ad
D E=358.500000 CH=0,1,2,3,4,5 RAW="22.217,23.972,54.018,61.335,20.111,26.902" H=498f6a2e7d92571183da980785b919eb1f6ff033373dec883c999eeaf5ff4709
D E=359.000000 CH=0,1,2,3,4,5 RAW="20.535,20.705,53.502,61.348,21.291,27.657" H=8a1fad5a9159615cd191f63a7a90d8c4483b6c95acdec6556c82ea14a03c65ec
D E=359.500000 CH=0,1,2,3,4,5 RAW="21.554,26.576,53.374,62.441,21.584,27.001" H=9eca5db57ade3d10a892c4286add68c3f8c74666ac01a6e09089dae8239e1d22
D E=360.000000 CH=0,1,2,3,4,5 RAW="20.709,21.998,53.998,60.061,20.895,900.000" H=629ef5c7737852f4aa5c6bcf55d32f40d24f09534c0d7c8dd55fdaf788bbab90
D E=360.500000 CH=0,1,2,3,4,5 RAW="21.418,25.963,53.123,60.968,19.683,900.000" H=891f6d82490023db02cb141172ee6903efaf3bd1047360ddd33677442a56cdd9
D E=361.000000 CH=0,1,2,3,4,5 RAW="21.496,26.524,53.906,60.537,19.809,900.000" H=10fe17a308af9e82b36a865c574ce12c3c3f5927257afe583e63348a98d0092f
D E=361.500000 CH=0,1,2,3,4,5 RAW="21.972,24.675,53.444,61.316,19.347,900.000" H=cdb1c8410e59187162e6e7df9d46f7d74e7fe075f07043e65172967ff28baa66
D E=362.000000 CH=0,1,2,3,4,5 RAW="20.556,27.163,53.990,59.894,20.573,900.000" H=bfe1ab977f02610f93d9e61025896865cb559be544f1d4c985bd7cc58efa75a3
D E=362.500000 CH=0,1,2,3,4,5 RAW="20.365,23.330,53.253,61.069,21.276,900.000" H=0f7d6366843d634d76ef28384b51570e95c8b9d0a8a8bc1ab51b5c841ce6dc3e
D E=363.000000 CH=0,1,2,3,4,5 RAW="21.608,23.909,54.716,61.768,19.908,900.000" H=f464a2a721344967bdd703ff313e4a7a3e81ccde047c32c86ca0e0f2b1f7d942
D E=363.500000 CH=0,1,2,3,4,5 RAW="20.143,25.937,54.348,61.897,20.684,900.000" H=26adf90abce69a47dd7438c110be4f5c2224d3c9f7aa9d035c5a71c8c0638c02
D E=364.000000 CH=0,1,2,3,4,5 RAW="21.653,25.875,54.900,61.377,21.571,900.000" H=ea5804f6aff9cd5123a93d4cbf84c631c3ebb13c56ca4f172d552b2fd770c5a8
D E=364.500000 CH=0,1,2,3,4,5 RAW="21.183,26.389,54.046,61.438,19.627,900.000" H=d7f9f15bdbf2e250e87ad78de5941ed02faefcf6c54acbd0de3ab965af6ac61f
D E=365.000000 CH=0,1,2,3,4,5 RAW="21.209,25.741,52.599,62.109,19.965,900.000" H=c0f968fbcf0f84e308ddf91fa811590663257da6ebfa7cffd0617553a2961551
D E=365.500000 CH=0,1,2,3,4,5 RAW="21.765,25.895,53.323,59.875,20.937,900.000" H=3835b496126eddc82c3438887ac584bf408c9be16bd5437f3abc6461ff6cabe3
D E=366.000000 CH=0,1,2,3,4,5 RAW="22.112,25.128,53.773,61.648,20.314,900.000" H=fbce5d474918e808cbd1873fe7c43d610587185a621f58c01e2651cba9a276df
D E=366.500000 CH=0,1,2,3,4,5 RAW="20.584,24.013,54.583,60.987,19.657,900.000" H=a00d171bc61531fa9a45e409b1f64f883d59e14a8fc9b3e1cf7a5003ecc9cfbf
D E=367.000000 CH=0,1,2,3,4,5 RAW="21.599,26.397,53.732,61.739,19.649,900.000" H=9331cd46bb259827295560bcbd7c4a1b30d7337163605ce469f1b1cf9e0c2bd9
D E=367.500000 CH=0,1,2,3,4,5 RAW="21.584,27.776,54.779,62.439,21.050,900.000" H=f974dbffede4ddd2acd9b8e95b899195bbdbcc212f5929a1442e093bddce3b77
D E=368.000000 CH=0,1,2,3,4,5 RAW="21.816,22.913,54.998,60.585,19.864,900.000" H=839f8715fe59616605bfbb28ba8c423b2c996e9f928f73a6800ad064218f55de
D E=368.500000 CH=0,1,2,3,4,5 RAW="20.784,23.336,54.857,61.627,21.025,900.000" H=8ff5a3dbfaa88feb336011d84a5a82b2b13edb69561934d65e8071e5c1081e2d
D E=369.000000 CH=0,1,2,3,4,5 RAW="22.375,21.634,53.473,61.222,21.348,900.000" H=eeb0a2e927a735de170db3cc997268df1482d3f11b8c6e7b482e99819e9b2dc2
D E=369.500000 CH=0,1,2,3,4,5 RAW="20.926,25.281,54.448,59.943,19.984,900.000" H=9557b63f179082f58f0767bcc644c9d4733e49fe5ebbee05f992e31f62adc7dc
D E=370.000000 CH=0,1,2,3,4,5 RAW="20.862,21.622,53.924,61.222,19.671,900.000" H=ccd3395a43d57561a97aa5e8365182d8a24612f50d91fb1fd3dc0ff1d2a0114e
D E=370.500000 CH=0,1,2,3,4,5 RAW="21.720,26.213,54.941,59.530,20.275,900.000" H=c9591d0268fe4d4c56ce275ecbdc450e019a09976c2c703f505fb220cb5b8e9a
D E=371.000000 CH=0,1,2,3,4,5 RAW="20.833,25.489,54.544,61.129,21.066,900.000" H=c510ac8f6dece9fb5db676b10d3924d7f02fc2b32f29ca6b9d97e293946c24fd
D E=371.500000 CH=0,1,2,3,4,5 RAW="20.661,24.802,55.091,62.383,18.079,900.000" H=60907a3466b0860b62046e1335ba0ef54634b1048b1c81fdd714b72235adfe21
D E=372.000000 CH=0,1,2,3,4,5 RAW="21.116,24.986,55.146,61.827,22.043,900.000" H=bd661ac6e000afae22c441324025ed5dec8dd02ebbbf377d34134f95059b7229
D E=372.500000 CH=0,1,2,3,4,5 RAW="19.488,25.090,53.716,61.566,20.164,900.000" H=2f4423ae87de461b6d6abda7b8bbc603d2646594ed9b875ebc86523c2fafff55
D E=373.000000 CH=0,1,2,3,4,5 RAW="21.348,28.487,54.293,61.044,20.756,900.000" H=ccf8bb426bc17af11b3ef8b4bc38a4cd32df5e32d09a63edce3af33c9c036a51
D E=373.500000 CH=0,1,2,3,4,5 RAW="20.612,27.925,54.881,61.732,21.092,900.000" H=b49e3fa999886715a38c8a86ce439c74bc428d42e22fa889d71aece8925e2ef3
D E=374.000000 CH=0,1,2,3,4,5 RAW="22.099,22.379,53.813,62.836,21.112,900.000" H=47d10bc6963444558afde40d0314bf641b3206977f5839a20e0b0a91a85fed83
D E=374.500000 CH=0,1,2,3,4,5 RAW="22.615,23.712,54.987,61.812,20.019,900.000" H=d8c3b15aacabbc83c0a5226f0b4c62c3cc8021826c624c609f8b961822c1a177
D E=375.000000 CH=0,1,2,3,4,5 RAW="22.445,25.323,53.836,60.270,20.437,900.000" H=531b89323753fea8f52610d57edab4361c67a0f49570173ad6cab90a7188f719
D E=375.500000 CH=0,1,2,3,4,5 RAW="21.766,25.944,54.641,61.345,21.029,900.000" H=85089f8db204e7e81e2a077cc5f7d778d4c426ab335401fb0cd1863b64a38bfe
D E=376.000000 CH=0,1,2,3,4,5 RAW="22.148,25.182,55.283,62.305,19.808,900.000" H=eb95b300db055a1f4975ee6944f78ca1b08757c3b46bfa7316fc3426d355b90f
D E=376.500000 CH=0,1,2,3,4,5 RAW="22.284,24.397,56.111,59.988,20.536,900.000" H=8234bbbaaa45bef0328545fcc7e11dbf0fd6e5ad8f3e2ed63877e6b00d6bd9d9
D E=377.000000 CH=0,1,2,3,4,5 RAW="21.554,23.781,55.127,60.671,21.083,900.000" H=f5544d851f9be8ce792afe5fae7b4f439e111e59d6d3b1b3cf8ba4b6304f9ddb
D E=377.500000 CH=0,1,2,3,4,5 RAW="22.222,22.230,54.862,61.775,20.846,900.000" H=910ab01496f657ff13552e356df84cb62b44631c68871bbd2dc2e10dc5939886
D E=378.000000 CH=0,1,2,3,4,5 RAW="20.905,23.727,54.150,61.917,19.742,900.000" H=9008acee80e95606772a4fc17c0ae4f4f87afda2274866391b83aac59a4471fe
D E=378.500000 CH=0,1,2,3,4,5 RAW="20.459,25.035,55.186,62.649,20.082,900.000" H=6ae76feb31437fc428f765e3c4586db1a93349a6014cad2964fb8fa7bb6ccfc2
D E=379.000000 CH=0,1,2,3,4,5 RAW="19.405,24.604,56.072,61.304,20.972,900.000" H=4c7d3e6ea89fa77c180866d880e68863c1f0dd2137f1bc35190623f0a63e466c
D E=379.500000 CH=0,1,2,3,4,5 RAW="21.836,21.293,56.623,61.582,21.033,900.000" H=8a7fdf6bc84ee9f8b3ea33f4714a7c5e4a808c1bd6dec73df1688fc3ba60b900
D E=380.000000 CH=0,1,2,3,4,5 RAW="21.286,23.350,54.390,62.259,21.102,900.000" H=9a8b2d935cec483dcfc937420f7b1445d9d43c013c003a5cf580ad284d15c337
D E=380.500000 CH=0,1,2,3,4,5 RAW="21.330,26.824,55.904,62.439,20.114,900.000" H=8835523a6ef5069de893e3e1578b4ca5168e10283588692d90cd0cf5c5f78e87
D E=381.000000 CH=0,1,2,3,4,5 RAW="21.101,24.033,56.521,61.688,20.351,900.000" H=f6f8501af34c8c50db94e12644d6324f6d12a60359bd1027b1b6d75cc9bb9f9c
D E=381.500000 CH=0,1,2,3,4,5 RAW="21.920,27.020,55.846,62.715,20.489,900.000" H=4ab57a34993b3504497113a07a853e0b37a3bd998afe748bab0080d64b23a07e
D E=382.000000 CH=0,1,2,3,4,5 RAW="20.592,23.387,55.377,62.007,21.015,900.000" H=245ccdd02651fbd15d0fa6f8cc7adbd8a93c78eaf5073e4633701bc4f41e6dec
D E=382.500000 CH=0,1,2,3,4,5 RAW="21.218,20.534,55.810,60.792,19.562,900.000" H=03e5f831785af811191f0d01dfb29f4f3cfa0c86e0f9f57c3c0109e90bff5bc7
D E=383.000000 CH=0,1,2,3,4,5 RAW="21.169,22.175,55.602,60.882,21.179,900.000" H=b459855ea8e395ea0a61bad9b69467459cc35042a65b948709deacdf48ae5ce2
D E=383.500000 CH=0,1,2,3,4,5 RAW="21.386,24.164,55.868,62.126,22.049,900.000" H=ca054cce32d287b562683f801ac599132b344623d1f883738247b448f8550cb5
D E=384.000000 CH=0,1,2,3,4,5 RAW="20.984,23.037,56.061,60.507,20.285,900.000" H=330879ae3f1a499708a784eb1d03d6ac5d1552d2057921569bc078d6e165d520
D E=384.500000 CH=0,1,2,3,4,5 RAW="20.501,23.076,55.928,61.383,20.595,900.000" H=212b39ce222da4e8d5d28ffb6c0a01b6ddaecb00036ecc43483440d061206c38
D E=385.000000 CH=0,1,2,3,4,5 RAW="21.642,23.479,56.560,61.943,20.145,900.000" H=b1c87142d64e633d18fd6e3d99c0e1c9212facfd6f6a6d6dd62e57fdb1987c88
D E=385.500000 CH=0,1,2,3,4,5 RAW="20.931,22.027,57.296,61.668,20.020,900.000" H=a20084e490c7444f14a52b333b464b5a84eb1a1081a280855e6b62a03a77df6b
D E=386.000000 CH=0,1,2,3,4,5 RAW="22.245,24.798,55.373,60.648,19.291,900.000" H=55ed8a54d1385ab07e23dad0f5a128909236dbae0810ed3432d56b36476e675f
D E=386.500000 CH=0,1,2,3,4,5 RAW="19.785,24.085,54.166,62.127,20.690,900.000" H=5d34f90f128e4d944f7966eef3b43ec0652ca9c73b58f8af70d163cdcc508788
D E=387.000000 CH=0,1,2,3,4,5 RAW="22.687,23.711,55.888,61.359,20.022,900.000" H=f2e612c63c75b558115e19d7b6142d8df0e0c1fd3bbef2b690b3743d7c1b27be
D E=387.500000 CH=0,1,2,3,4,5 RAW="21.303,23.045,54.966,60.917,18.856,900.000" H=2e20df3f4fe26683fd6963bbafa37f9667b3f02b5232a26dcc4ea1f6f6f55191
D E=388.000000 CH=0,1,2,3,4,5 RAW="21.236,23.051,56.772,62.031,19.177,900.000" H=ca4ebcf1410e30ae318a4aa13b3a1c9281e0f71ed6abaa4c4c1e0466d6ccb39b
D E=388.500000 CH=0,1,2,3,4,5 RAW="20.074,24.586,56.577,61.692,20.312,900.000" H=d0de12715476457ea5fde4829d03053b9aa4802cd9b5695bde2adcf5597d52a1
D E=389.000000 CH=0,1,2,3,4,5 RAW="21.485,23.454,57.613,61.719,21.367,900.000" H=b3be24553cea8553c7b4a6090097ecdff858f78bec910f221f4248a3ac2dc65c
D E=389.500000 CH=0,1,2,3,4,5 RAW="19.700,23.756,56.829,60.519,20.090,900.000" H=d1e013a867af32719bc127c07194daf9058defb6f5d4a80a5a682671c3c974d0
D E=390.000000 CH=0,1,2,3,4,5 RAW="20.814,23.071,57.513,61.840,20.435,900.000" H=c4a22f49b00716c024d1ab3304e4ccaa7ccfdb7554c18dac97f3192c0920baff
D E=390.500000 CH=0,1,2,3,4,5 RAW="21.052,24.246,56.317,59.828,19.288,900.000" H=3512e0e8642d614c4657232819ad3b84053f6be49d46e72661b7ac1bd8b19d26
D E=391.000000 CH=0,1,2,3,4,5 RAW="20.844,23.240,56.129,61.126,20.444,900.000" H=a61aa0e34447536b4ebd9b92026a6b9b793716cb5c057fbb8bc244c39f8647e3
D E=391.500000 CH=0,1,2,3,4,5 RAW="21.097,23.727,57.703,62.265,19.279,900.000" H=28bdead609ada44c87ca9fe6257dabc4b16478a3f830fad3f299fbba64343ebf
D E=392.000000 CH=0,1,2,3,4,5 RAW="21.346,26.239,56.818,60.908,20.435,900.000" H=ae314576a285e5e4e92c4500b32db555522b36f474af3f78b95f7f3279c690d8
D E=392.500000 CH=0,1,2,3,4,5 RAW="22.590,23.159,56.749,61.866,20.597,900.000" H=896fb4f860b1aa81e87aa3a782bd6b3e8a23936b5811f23cf45012ca2060df0c
D E=393.000000 CH=0,1,2,3,4,5 RAW="21.617,25.339,56.641,61.500,21.092,900.000" H=c6e13d2500b66181629187c1accd25b2bfd00b3ef1b7fded803f7754abd00fc3
D E=393.500000 CH=0,1,2,3,4,5 RAW="20.026,22.271,57.130,60.750,18.938,900.000" H=2c87d590baefd50b7fdb3c936b1c5922f6c49084ad08b098e6ff7ac6a6ecd00f
D E=394.000000 CH=0,1,2,3,4,5 RAW="20.216,23.104,56.729,61.462,20.988,900.000" H=87b88cb840afe706b835de03f8c08f223f813409182af7aef7cc5e4680382ddf
D E=394.500000 CH=0,1,2,3,4,5 RAW="21.893,25.667,57.670,60.257,20.308,900.000" H=d34fd00e73c55f1c9faf74991e89c5072e135e6651ad47a522f894591876c452
D E=395.000000 CH=0,1,2,3,4,5 RAW="20.814,25.902,57.628,60.605,19.865,900.000" H=896a9c764fa21b5281e9ad3eaac180547781dba5624a040e1e774c146236563e
D E=395.500000 CH=0,1,2,3,4,5 RAW="20.600,26.325,59.464,60.518,19.734,900.000" H=18b87b19b152fe48b33e81cd4efa3d45f5a8745be921467049a2aaa1c76fe968
D E=396.000000 CH=0,1,2,3,4,5 RAW="19.228,24.299,56.873,61.090,22.247,900.000" H=ffa23b81e06ff754bc21942bcf51391c36db1785eae58cdd8be773ca14b9f281
D E=396.500000 CH=0,1,2,3,4,5 RAW="21.638,23.602,56.313,61.593,20.307,900.000" H=08bbbd49197907a978cfbe9f6e2aba2f7258e0ae42501e71fc8aee4873f675da
D E=397.000000 CH=0,1,2,3,4,5 RAW="21.429,24.713,58.922,60.873,20.382,900.000" H=6daf34d8371a8efd33dbabdad22c50ac38f43da880e26f796cb307c5327c8c53
D E=397.500000 CH=0,1,2,3,4,5 RAW="20.014,20.723,56.543,61.728,19.872,900.000" H=d95fdf19fe2774dc45357dec248f92a5327f3f1e5acb18b7088a8002621045c4
D E=398.000000 CH=0,1,2,3,4,5 RAW="20.301,24.744,58.275,60.476,21.327,900.000" H=80e6838e056b1338fdb9b94bba1d1d7f4209452b9f305f256e0dc638b2e4c516
D E=398.500000 CH=0,1,2,3,4,5 RAW="21.651,21.775,57.412,61.887,21.094,900.000" H=212b6869c2aac82ad45d243a41d17bae778d2ae1e9866496e5e818b083930f4a
D E=399.000000 CH=0,1,2,3,4,5 RAW="20.453,26.127,58.525,61.712,18.945,900.000" H=5d2d3a8905fd8d9546b6421597bf8aaf7d81e4f236704085eae79f585b446cb3
D E=399.500000 CH=0,1,2,3,4,5 RAW="21.737,21.184,58.238,61.129,20.496,900.000" H=92aeb48af35d4ee0e00ec57bbffa9074db7edbe841d212609bcf23ed37fccb8d
D E=400.000000 CH=0,1,2,3,4,5 RAW="21.885,26.549,57.369,61.676,20.338,900.000" H=e0849baadf4b15d0835e1d0b5dc03b4c333f104f7b6f024978179d69e9d423ad
D E=400.500000 CH=0,1,2,3,4,5 RAW="22.103,23.424,57.871,62.950,19.934,900.000" H=ec80fb4b3d14a8e39124aa7dc381a0a1576aa1461b84415e4a80cab3d106cd1e
D E=401.000000 CH=0,1,2,3,4,5 RAW="20.245,24.756,58.345,60.694,20.907,900.000" H=0ecaf4ef31e30445edd40d15ae3e664f5b8c569810d01a75e14afd3bddaf4264
D E=401.500000 CH=0,1,2,3,4,5 RAW="20.225,24.076,59.317,61.017,20.537,900.000" H=ef349f7a73385ce630096c87cd3b562454da39a37a7a74c35a1f7d956b0db7dd
D E=402.000000 CH=0,1,2,3,4,5 RAW="21.282,22.258,60.423,60.885,18.972,900.000" H=197e7a96355e17d2e9b07df9ae0c5b27076c0fe731201894571bc1066672c126
D E=402.500000 CH=0,1,2,3,4,5 RAW="20.954,24.541,58.328,60.928,20.244,900.000" H=337b1e7256b63a8c29e2ef7b7c1cd74c489852ca0f79372674243f1fdc7d487e
D E=403.000000 CH=0,1,2,3,4,5 RAW="20.273,23.328,57.209,60.751,20.631,900.000" H=0816f25b5d5ce1f01e5ba164976ae2f27179505a46f4aa79fba829d7e7a1ed7f
D E=403.500000 CH=0,1,2,3,4,5 RAW="21.944,27.230,59.174,60.631,18.958,900.000" H=774b092504e443d5fedc455595ecf85d3eaca776c1129d28cdb69becd98fd21f
D E=404.000000 CH=0,1,2,3,4,5 RAW="20.129,22.393,58.693,61.651,21.326,900.000" H=af282ad33e5798ef09d5c570f874a51039b3c60906c7646668dc85ebdfa39028
D E=404.500000 CH=0,1,2,3,4,5 RAW="21.541,24.395,59.842,60.551,19.760,900.000" H=ed12c87d605b148a294c947b21c302ca2fabfe9fb587f1c3b015418ecde5e9dd
D E=405.000000 CH=0,1,2,3,4,5 RAW="20.997,25.472,58.980,62.623,19.742,900.000" H=126e030501f4f7220a01d7e103bff4921165d23ccdcefce8d98cef47703cff39
D E=405.500000 CH=0,1,2,3,4,5 RAW="19.475,23.067,60.910,61.922,21.308,900.000" H=8c5e4a11079f12ce8350ee16ab6c35946935ebdbb1600c3be688460294c925f0
D E=406.000000 CH=0,1,2,3,4,5 RAW="20.750,26.313,59.193,61.115,21.984,900.000" H=c4b84c1a98d9dbba57bd34fe927f712ea20c14fa0a39ddf8b302d7a210792a67
D E=406.500000 CH=0,1,2,3,4,5 RAW="20.105,29.545,58.726,62.573,19.478,900.000" H=a40dee5415b127f4745183de700d11b0b98c3d29cb642ab7aa54e82bd0cd1b7a
D E=407.000000 CH=0,1,2,3,4,5 RAW="20.238,25.318,60.023,61.170,21.109,900.000" H=46b0c648830288b46b033c6459a8748921a33cd1d520db12d9b6ec2c31c72c2f
D E=407.500000 CH=0,1,2,3,4,5 RAW="20.362,21.807,58.889,62.407,20.968,900.000" H=db63dab29b280857faacdeb870b9c5370bab820bc69e6aaed73054e54652117c
D E=408.000000 CH=0,1,2,3,4,5 RAW="20.663,23.381,58.339,62.327,20.254,900.000" H=d2a274aab3fb5c68120874ecbcdcdc3406de5a9db48c957a59716d9a707cc83a
D E=408.500000 CH=0,1,2,3,4,5 RAW="20.872,22.756,59.629,59.911,19.438,900.000" H=09d505e72aa266db9e2bda75d14aba9aa6fca100c2858c4b98ad4d137bbca5f3
D E=409.000000 CH=0,1,2,3,4,5 RAW="20.742,22.838,58.674,62.072,19.933,900.000" H=22794c24d8180972443fe79367aa6f70af3c0005f71e6ffde924a6609121eaca
D E=409.500000 CH=0,1,2,3,4,5 RAW="22.158,18.758,59.389,61.058,20.051,900.000" H=68150414fc2c1b24da6268818d5f7e760ad7118d5b18e2387fc3ed3e9a060cb0
D E=410.000000 CH=0,1,2,3,4,5 RAW="21.094,20.216,59.459,61.844,21.486,900.000" H=87b2263b43d268259df5d335303c5bbd255fe61d5786a84a449830f01638ffb5
D E=410.500000 CH=0,1,2,3,4,5 RAW="20.025,24.039,58.924,62.316,19.543,900.000" H=b07a4f231d4bbdb05367490af3d5051a20a096e3ada2c6b764555f4676589ff6
D E=411.000000 CH=0,1,2,3,4,5 RAW="21.003,24.482,61.048,61.089,20.977,900.000" H=39220ac0c1bbf5e68cc5effb4fc2fc4947a033bf253219bf69632e1794d5bfad
D E=411.500000 CH=0,1,2,3,4,5 RAW="20.410,25.334,60.465,61.475,20.924,900.000" H=60c2f4b60b73367b72ba3820084b937dd2563d835f011b21a06d688173e9f57d
D E=412.000000 CH=0,1,2,3,4,5 RAW="19.971,21.894,60.306,62.178,20.753,900.000" H=1ce7df2d0ede092ff693b9c91b6ec7b11b594c79be4435d6ef89fecdfdc4dd3a
D E=412.500000 CH=0,1,2,3,4,5 RAW="22.068,24.289,58.670,61.971,20.969,900.000" H=fd15a1965655a2d27ea5a2178b812c7bc3db89f5937ab1733fb84e16f9fd79da
D E=413.000000 CH=0,1,2,3,4,5 RAW="21.793,26.764,57.348,62.028,20.872,900.000" H=19be5496d1bd0f407b1a6215b19bef8701efe380d65e77d8cde7378d90a1444f
D E=413.500000 CH=0,1,2,3,4,5 RAW="20.637,22.053,60.810,62.922,20.481,900.000" H=b000a36577063ec75772a094a888f7f0e8f42ecfd3b11782a647b5aa7f690686
D E=414.000000 CH=0,1,2,3,4,5 RAW="21.676,20.376,59.449,61.831,19.537,900.000" H=f42bbfdaa4a2491682c4cdac2605d1b567877ae27b5bb6f2b7be98b5d9f64c89
D E=414.500000 CH=0,1,2,3,4,5 RAW="20.253,26.451,60.294,61.649,20.012,900.000" H=3e72a2ed2992c0fc4a225a21931d221072b26c1b5b2571e6bbcf738b39283b86
D E=415.000000 CH=0,1,2,3,4,5 RAW="19.753,23.123,61.405,60.345,21.504,900.000" H=19a82503f2f553c25cc37008b9fe959cd258d501edd189d3c490f6dd6a87be8a
D E=415.500000 CH=0,1,2,3,4,5 RAW="21.518,24.407,59.963,60.873,20.550,900.000" H=9e689fae7d910e37bf69799f6f9b0ef2bbcee4875f6f2156de037e212c1395d2
D E=416.000000 CH=0,1,2,3,4,5 RAW="20.808,22.079,59.877,61.631,21.265,900.000" H=92a54fb51bcf127561e698cc4fd226cab511d0afeab2004fc2dbaf274b4aab8e
D E=416.500000 CH=0,1,2,3,4,5 RAW="21.275,23.024,59.477,62.744,171.935,900.000" H=c36837ef7c7fad09b7cc8f51855dd2c8536bf0c6ca671fe2706fcb6a826df502
D E=417.000000 CH=0,1,2,3,4,5 RAW="21.201,23.256,61.867,62.051,20.063,900.000" H=e3441e3ef512ef3c98cb285a7eb430d9ba038e428bfd177ca4fcb61be3e1e7a5
D E=417.500000 CH=0,1,2,3,4,5 RAW="20.976,28.374,60.524,61.786,21.943,900.000" H=884878fc6f7fd62a3cd3db34ee5944df6e758b41b2be62b8f2ce76954c908e37
D E=418.000000 CH=0,1,2,3,4,5 RAW="20.490,20.443,61.391,62.301,20.701,900.000" H=fb71d4862ff7a16840b6a9cd4181ec28fa5df13213b0921862176ad937e59946
D E=418.500000 CH=0,1,2,3,4,5 RAW="21.014,20.299,59.742,63.091,20.215,900.000" H=dc3e9b1d5b91c6245d2b796bae7a698d230151c7a9c94de3e80cde6d835f296d
D E=419.000000 CH=0,1,2,3,4,5 RAW="20.611,24.274,61.049,62.091,19.505,900.000" H=c3c61a9e00e807931323fd8195d9990f29e4973096a227cd85447ff910302527
D E=419.500000 CH=0,1,2,3,4,5 RAW="21.685,26.426,61.782,61.306,20.533,900.000" H=9d72166546206e8e3718d3c2de8470bf64372a77ac4e61558ae9ea6849d82473
D E=420.000000 CH=0,1,2,3,4,5 RAW="20.555,26.598,61.596,62.027,20.307,900.000" H=027a02eff5a1444819af8b6cde78b8e44002ae4fa6ee7279b78e69bd89d926bf
D E=420.500000 CH=0,1,2,3,4,5 RAW="21.868,21.395,60.744,60.507,19.879,900.000" H=b5ee875a5107f3f5d33d0aaa25816e33d1d6edb392426853c25ba9ac0b77be3b
D E=421.000000 CH=0,1,2,3,4,5 RAW="20.702,22.325,62.084,61.773,19.678,900.000" H=26eccd5ff9ae655937c70e2588d23e494f3cc761604d90794f0569666bad1044
D E=421.500000 CH=0,1,2,3,4,5 RAW="21.381,24.736,61.186,60.891,21.304,900.000" H=2c834617601cc6c8014d582598cf3fc25e60d3764cc1da85757d963df94a1782
D E=422.000000 CH=0,1,2,3,4,5 RAW="21.378,20.561,62.312,61.021,20.045,900.000" H=1ee6bbabf05f06e5fe122aab0383f2a0ed98a5b06f8839dca3770185a39ca3da
D E=422.500000 CH=0,1,2,3,4,5 RAW="21.343,22.096,60.816,62.050,20.886,900.000" H=8c7061d9c2d8b07a1a34d9808fccc499b222ebd34c66f952588a958a382b9d9e
D E=423.000000 CH=0,1,2,3,4,5 RAW="20.816,23.751,61.256,60.226,20.363,900.000" H=e3e23813a0415a5c137c46c605df36704ff74945ddfc444e304fc257a91e50f4
D E=423.500000 CH=0,1,2,3,4,5 RAW="20.125,21.219,59.727,62.486,18.704,900.000" H=7ba899b1193d241697ff7c751804938ddab7e4a85fcf257815c2d5800ce00ad5
D E=424.000000 CH=0,1,2,3,4,5 RAW="20.305,24.692,60.092,62.101,21.030,900.000" H=4af0f90f26ccb092fa8e5c11eb4844d3d19a0c97942fe0bbfc55edbd6f424a4a
D E=424.500000 CH=0,1,2,3,4,5 RAW="20.388,23.395,61.136,62.415,20.778,900.000" H=4aac419ff8a76125d41eb0fc11b8d9255d91df787e4ecc7762bf711ff74bd9dd
D E=425.000000 CH=0,1,2,3,4,5 RAW="21.871,21.001,62.551,61.294,19.717,900.000" H=fa322cb8c6013f8dd737392a51521fa8ac7ae8ff41596802dc214197b68bc3fd
D E=425.500000 CH=0,1,2,3,4,5 RAW="21.322,21.145,61.185,62.125,20.872,900.000" H=70a50bd02fa9edf241e05d65eb5de58f93e95c6414fd062219e08239b81f9835
D E=426.000000 CH=0,1,2,3,4,5 RAW="22.934,24.320,60.968,60.983,20.638,900.000" H=91d4ec3584ba607d6a373637d5aeb4667f26201421b7f52700d9d78d8fb336a7
D E=426.500000 CH=0,1,2,3,4,5 RAW="21.694,25.313,61.212,63.171,19.810,900.000" H=b004c7dbce3188af06bea6abf033b4d98a562626a33431e7681d77cefaa25d2d
D E=427.000000 CH=0,1,2,3,4,5 RAW="21.756,21.821,63.694,60.969,20.572,900.000" H=e01b7be470f3cfa7374ef687d129c26e29f0d4186856e7182511a12ccabd177e
D E=427.500000 CH=0,1,2,3,4,5 RAW="21.254,22.111,61.229,62.216,23.114,900.000" H=4f594d1aa94878f463040c3e2a2f9d0cf93d155f1a86c555bb15e475c4037855
D E=428.000000 CH=0,1,2,3,4,5 RAW="20.574,23.072,61.221,62.078,19.993,900.000" H=47205d6b2a754a1b4919cd72de84fd17810cb97b896fa275ee2c8402ff7245c1
D E=428.500000 CH=0,1,2,3,4,5 RAW="19.932,19.899,61.182,61.844,21.777,900.000" H=1d3011770dc1da50b77ad1629d27db9c1b9009c36b01d8c2157ee16ea89c1457
D E=429.000000 CH=0,1,2,3,4,5 RAW="19.755,22.925,62.657,62.614,19.870,900.000" H=f2f9c88458b88e62cb1254c97901432dde62b2d872c0a56b19fb900cc369fc00
D E=429.500000 CH=0,1,2,3,4,5 RAW="20.486,24.447,61.832,62.303,20.111,900.000" H=245fe097fd7ba813b70e33c2c0bfaf242061a70e9f12214669b6142467d427e1
D E=430.000000 CH=0,1,2,3,4,5 RAW="20.968,25.057,61.907,61.468,19.491,900.000" H=b3df5f185fff2ebfc41ffa0f1a764d009bb2921dcaaa1b14ebd2b959b043e8e6
D E=430.500000 CH=0,1,2,3,4,5 RAW="21.433,22.095,61.294,61.698,19.755,900.000" H=4219b1db0d1805a0c58ca8b3090bc966fcc90f582019dda6cde361f4481754c5
D E=431.000000 CH=0,1,2,3,4,5 RAW="22.498,24.057,63.023,61.873,21.215,900.000" H=1ba0167d403568121e987454b7d38c1fa97a12a74cc7d09012f9f8579a9ac5b6
D E=431.500000 CH=0,1,2,3,4,5 RAW="21.011,21.725,61.762,62.034,19.265,900.000" H=cee87b58b2a54f5bcde2d1fa12466475e27a3961ec5edb0bfe5ed6db5ddea33c
D E=432.000000 CH=0,1,2,3,4,5 RAW="20.796,24.747,62.393,61.066,21.011,900.000" H=9ea06736454a96a26b91f6f98150f3b472aa922015a7b0a7f58d8e1472dba264
D E=432.500000 CH=0,1,2,3,4,5 RAW="22.099,22.581,63.349,61.383,21.397,900.000" H=4f607c6a56f0a7ebb2b3f9d3f5d6c768fcb6eb1cc6e22c4713f26ce443ceda6f
D E=433.000000 CH=0,1,2,3,4,5 RAW="22.557,21.492,61.982,60.868,20.060,900.000" H=9a6ee09b95a9b0c9ac7ace87ff6ddc040a75d7be09b872f50fa86428821c2385
D E=433.500000 CH=0,1,2,3,4,5 RAW="19.574,25.687,63.037,62.967,20.855,900.000" H=ad1753d8f15f5c84824a376f16ce6bcab7136869714f9e36df5140ed6775416a
D E=434.000000 CH=0,1,2,3,4,5 RAW="21.943,26.281,62.484,61.016,20.256,900.000" H=500676ea6233a13dd20aedebab3a54450208f58903b1ed813b04524cb29b6ed9
D E=434.500000 CH=0,1,2,3,4,5 RAW="20.899,22.943,62.959,61.198,20.368,900.000" H=5a6a14de0ae3a256077245ff2900a61d936bc5d7f1d23800ed3dc0483a7b732c
D E=435.000000 CH=0,1,2,3,4,5 RAW="20.338,22.379,62.254,61.036,19.700,900.000" H=2e71a6793e21d9e4a57c6f13ea9cc24da2c621fc43680575871574e4081ee7d1
D E=435.500000 CH=0,1,2,3,4,5 RAW="19.993,23.679,62.682,62.500,21.771,900.000" H=931863422aa6d225e445fec74092e37efe5292776b65cc2b4dfb0631e4c07af7
D E=436.000000 CH=0,1,2,3,4,5 RAW="21.134,26.312,61.363,61.363,19.083,900.000" H=05a2f528dbb061047b357799ab0c002b4effddf39c402cea6e7ea9f5cbc851ac
D E=436.500000 CH=0,1,2,3,4,5 RAW="22.588,23.168,62.578,59.687,20.861,900.000" H=7dadb5f7cf75c2e2477941b859e7bb759a71ef5dc9fb9e19e315edc9f62ac393
D E=437.000000 CH=0,1,2,3,4,5 RAW="21.106,24.347,62.236,60.973,21.108,900.000" H=9379e0fbc6a2a0567d7b44b231f3d23ee218837002ba7f108dffd9341c6dbb2b
D E=437.500000 CH=0,1,2,3,4,5 RAW="22.201,24.794,62.893,61.294,20.390,900.000" H=a48f7baccd1f5648ed71f8e8c27a586c8643869b4bc3e3648d6c991d980eab4f
D E=438.000000 CH=0,1,2,3,4,5 RAW="19.990,24.394,63.029,61.086,19.370,900.000" H=ddb118d77d2a9a006d913d02f35a33a7cb3ab6215ba3ab00d8a6d62c5292618c
D E=438.500000 CH=0,1,2,3,4,5 RAW="21.110,22.352,62.491,62.428,20.869,900.000" H=a371d58841103e132db16c26b54a999a4222ad029acdcb594751e857d4829bae
D E=439.000000 CH=0,1,2,3,4,5 RAW="21.482,25.771,62.512,62.363,19.197,900.000" H=89e4823a9690dfa99cba1d9be48b6912b50eaaf83369f29e82efb6e9f43593c4
D E=439.500000 CH=0,1,2,3,4,5 RAW="21.938,25.253,62.415,61.293,21.065,900.000" H=fe2fbed3ccd874e0d3e07362e241728b3dbd1e1fa066cb92f4f8f6d7cce64338
D E=440.000000 CH=0,1,2,3,4,5 RAW="19.783,25.431,64.295,60.796,19.863,900.000" H=b11b071a30bf1817455575e9899ff29ad53929992487bc17f1f095c79e3407c6
D E=440.500000 CH=0,1,2,3,4,5 RAW="20.262,23.896,63.587,62.656,18.958,900.000" H=03f22c989ff63900cad248d780e9acc963c0701097c008e174a4dfa46e8b29e3
D E=441.000000 CH=0,1,2,3,4,5 RAW="22.646,23.275,63.439,62.184,21.496,900.000" H=10a987068e4c25c1cec82f53ba6c6ab7e0c9f441044fc02b9c12734702a7b632
D E=441.500000 CH=0,1,2,3,4,5 RAW="20.267,24.531,62.077,61.042,19.257,900.000" H=f26fdf98e4858cf3f94fd73f5e44255bca3a4203d914a2dd0bfd279fa02a93cf
D E=442.000000 CH=0,1,2,3,4,5 RAW="22.667,20.782,64.320,62.292,21.299,900.000" H=eef106e30a07199277b35f27992457c58ac3818cac36b3df26d1d187af10bed6
D E=442.500000 CH=0,1,2,3,4,5 RAW="19.716,23.082,64.229,60.982,19.576,900.000" H=024edc6c03c533e7ef048011b746ccc15f69a6bfda405cf2a237cd41eb60ca16
D E=443.000000 CH=0,1,2,3,4,5 RAW="21.932,24.941,63.104,62.843,19.872,900.000" H=78bc943f881ad7f7081dbaed5823d6b3a31749671a05edda479f73cae4cff129
D E=443.500000 CH=0,1,2,3,4,5 RAW="22.440,22.514,63.566,61.651,20.309,900.000" H=2ad1f37ee640548ec94c5165047fe3ad3bb2bab160e12fe33198762b7205df88
D E=444.000000 CH=0,1,2,3,4,5 RAW="22.158,23.425,64.868,61.774,20.221,900.000" H=26444adf18186847c11a1a817cc9ad7002df906908e9420f5749fc248db1c6cd
D E=444.500000 CH=0,1,2,3,4,5 RAW="20.605,22.729,63.019,60.460,19.939,900.000" H=170a578e11223cec8aec4ae0e319315cc49ee2b6197b3c06aed09892517aa284
D E=445.000000 CH=0,1,2,3,4,5 RAW="21.172,26.522,63.668,63.093,21.282,900.000" H=6f156dc7692734ce8d22cc8c1f7fc85481716fde3f95cf97e34c6950d5fa611b
D E=445.500000 CH=0,1,2,3,4,5 RAW="22.287,23.158,63.918,62.845,19.359,900.000" H=d6c5d9322b5223f498b5c780590334fa8eb2dc7767bdc0d29ebd2f8e0549ab90
D E=446.000000 CH=0,1,2,3,4,5 RAW="20.537,24.071,64.404,61.545,19.985,900.000" H=590ef2a322bb6c9e2373bfbeda4d005844d29394267588c3965d82d4cbc94d7f
D E=446.500000 CH=0,1,2,3,4,5 RAW="21.206,22.731,63.852,60.542,19.758,900.000" H=79e2452a88d491ef38dbe52bb7956b55d80b85247f760b957fa69e6434b302eb
D E=447.000000 CH=0,1,2,3,4,5 RAW="21.331,23.438,64.422,60.899,19.445,900.000" H=105c5d1d8348eedc68b891a6693d6c61603864fc2b1d6ca048f4f93c3ca705ce
D E=447.500000 CH=0,1,2,3,4,5 RAW="22.036,23.760,63.395,61.807,19.999,900.000" H=4f5a5f6231dee46275f1b5cdb551fed8ccfb1a60dad407088a2c366a4e1e8a66
D E=448.000000 CH=0,1,2,3,4,5 RAW="20.035,21.585,64.674,60.760,20.384,900.000" H=81afc88f74b3c03463fdc4dd4fc753dbd578bdcfca935d9c2b49ef65578abf44
D E=448.500000 CH=0,1,2,3,4,5 RAW="20.377,25.115,64.849,61.915,18.617,900.000" H=19a226837b9c4e59468c6b5cb8dfde4798ceb960ca53ea8a7b3d7d80b3b721a3
D E=449.000000 CH=0,1,2,3,4,5 RAW="21.945,23.275,65.433,61.478,18.735,900.000" H=2245cbd515b2aa9b213ef331ba4ed480e73dc4b288a9cb8ca0b172805d0189ba
D E=449.500000 CH=0,1,2,3,4,5 RAW="21.553,23.485,64.522,60.973,18.640,900.000" H=944916324e286140dc43aa50512f70928672143112ba44e4a391457eca46476e
D E=450.000000 CH=0,1,2,3,4,5 RAW="20.871,26.714,27.948,60.753,18.587,900.000" H=51876a9c32eab5cbb8d9d594353972808cf84132c3525b16b0fe8a541c9d4403
D E=450.500000 CH=0,1,2,3,4,5 RAW="22.381,24.097,28.074,60.865,20.795,900.000" H=9cfe28c133f05d963cdc58f08812b0ed4efd6d74cd6313975b7dde57bbfa3b73
D E=451.000000 CH=0,1,2,3,4,5 RAW="20.988,19.435,27.731,61.097,20.624,900.000" H=2065fd417906260a46fafa6fb53f6034c459c823001c2dfca4021b5ba3686d0c
D E=451.500000 CH=0,1,2,3,4,5 RAW="20.923,26.995,29.341,62.815,19.458,900.000" H=feece9b94a9213ae44da3f47e2579050864c5c90f79581f93e48b488a2137c04
D E=452.000000 CH=0,1,2,3,4,5 RAW="19.725,23.061,29.453,61.021,20.698,900.000" H=9048b6dd4a660495df789eccf0c86a376eacd9f47e461f0c0522d2e40db7cdc7
D E=452.500000 CH=0,1,2,3,4,5 RAW="21.891,22.743,28.718,61.519,19.671,900.000" H=72dcad4ecf8d262493a5629cd6307eb5b93b4aefab2e9389c4afb7ced735a30c
D E=453.000000 CH=0,1,2,3,4,5 RAW="21.113,21.193,29.135,62.412,19.529,900.000" H=8afb4e9073b66b4b7142642f3dbab44b946ac6fc12a621e9b011f7c882437302
D E=453.500000 CH=0,1,2,3,4,5 RAW="20.225,24.599,28.604,60.083,19.155,900.000" H=0060bb68c8d31deec7ffe2ddb6545a272c94f9a011b23707409f245e61b0d7a4
D E=454.000000 CH=0,1,2,3,4,5 RAW="22.013,26.213,27.932,61.722,21.162,900.000" H=9c5ae7ae247b1151a7672c62c5b578e8087f6fadb600b4a2a0236744f817f4a3
D E=454.500000 CH=0,1,2,3,4,5 RAW="20.917,23.392,30.104,59.591,20.033,900.000" H=4931de6abea88dd432419ac280af684549964c3d4b88f53d491aadcdaf661682
D E=455.000000 CH=0,1,2,3,4,5 RAW="20.968,26.339,28.170,60.823,19.766,900.000" H=f6e0b853de506fa4c17bd041abc60025ee2a07c9d86cf2bd1c531eb83f703ee9
D E=455.500000 CH=0,1,2,3,4,5 RAW="20.553,24.459,30.336,60.680,19.472,900.000" H=413c575a1c88430783fb273b059526e53e9f3a00c54bf89dccdca373e5f4ea51
D E=456.000000 CH=0,1,2,3,4,5 RAW="20.363,26.166,29.848,61.513,21.711,900.000" H=6e30c2a9458d1c41f2bab0c7e26387cab46e34f188254d168109448de900e54c
D E=456.500000 CH=0,1,2,3,4,5 RAW="19.517,23.086,28.579,62.490,18.870,900.000" H=bc57c7ca64561abaf477e81764d0a0537205d17377bb6678cd077f53d61ce603
D E=457.000000 CH=0,1,2,3,4,5 RAW="21.122,23.609,30.187,62.728,19.596,900.000" H=5961e025ba41c4bb567594d7b632dfa133ec901a95b924de8b5a97fe4d4a365c
D E=457.500000 CH=0,1,2,3,4,5 RAW="21.266,24.632,28.249,62.189,19.289,900.000" H=a6aafb7db74013256fa2c22a06e74e7d62895e98844d9c2d8e178e005d13ec80
D E=458.000000 CH=0,1,2,3,4,5 RAW="20.627,26.134,29.013,61.804,20.546,900.000" H=8f8745a738d284a4b46a6339ac460c2730bbfdd314327b40c08f6f2c76650c36
D E=458.500000 CH=0,1,2,3,4,5 RAW="21.695,25.860,28.570,61.484,19.346,900.000" H=e8129fee426d75dfead78bcdd913e5c85788022e24c05273cd6ed9cbeeff82e7
D E=459.000000 CH=0,1,2,3,4,5 RAW="20.780,24.269,29.076,62.191,18.876,900.000" H=bfb82bd6e79df18f850868653c8c7876f1bbc17c4835f9dc6256958cee71dc9b
D E=459.500000 CH=0,1,2,3,4,5 RAW="22.174,24.771,27.824,61.010,19.507,900.000" H=99a5ca7a78bb1c600ab7629b9bff23a6c45cc6803a74f9875af036e3d0c355ab
D E=460.000000 CH=0,1,2,3,4,5 RAW="20.123,23.392,28.584,61.316,20.954,900.000" H=f5fa3392be5e80f2b66e8207e96247ca7970bda1db522c3de87289e809e47947
D E=460.500000 CH=0,1,2,3,4,5 RAW="20.597,23.841,28.401,61.744,19.930,900.000" H=e191435823458e91482030852c9c0d8b84b8fa698d31ab75828d1cb06678dab4
D E=461.000000 CH=0,1,2,3,4,5 RAW="20.593,24.477,27.972,61.895,20.751,900.000" H=fe31b1d20c45af865fa2bcff49c8cb17120887d119a64f9d707c30787533c072
D E=461.500000 CH=0,1,2,3,4,5 RAW="21.722,27.223,27.882,60.880,19.277,900.000" H=df48de8a0e730dface5327c0432bef5576f2c715947537e80f95eb969d4a4d95
D E=462.000000 CH=0,1,2,3,4,5 RAW="21.621,22.201,27.652,61.269,21.024,900.000" H=204fb27ce15f59aba39da7d2d8ac011fb3c32f9cab3ba075bc1e3085d4b6ebb8
D E=462.500000 CH=0,1,2,3,4,5 RAW="21.801,24.532,29.525,62.698,19.882,900.000" H=89d70d3b7509c2d6f073794490ad2fb46abcb12767b0d6e2a30ea7c1e864dc18
D E=463.000000 CH=0,1,2,3,4,5 RAW="20.686,24.201,30.120,63.050,19.209,900.000" H=82fae8c0f297e6dd4f5e0d2a09b0cc52a46076767aa7a486f94dc92b98187e30
D E=463.500000 CH=0,1,2,3,4,5 RAW="19.955,23.702,29.355,62.920,20.449,900.000" H=e451c26dc49739cff5d7794f829caecda654977bea417b734b4822c954dbe356
D E=464.000000 CH=0,1,2,3,4,5 RAW="20.564,21.642,29.012,61.733,19.348,900.000" H=d0e63901ac2a7f1a8b245ca748d65fa36111beaf07b58c52b0fa612e492a88d4
D E=464.500000 CH=0,1,2,3,4,5 RAW="21.635,25.515,29.170,59.819,19.844,900.000" H=053e3592079fbf50fb37a0bac8d296fe1228b9280a4558ace02cfd8a0be7be94
D E=465.000000 CH=0,1,2,3,4,5 RAW="21.550,24.729,28.890,60.034,19.616,900.000" H=f74c4b358e8fed69027dc1a1bc87fdffb476e2d5b5e9ca141bcb3ac31b89130d
D E=465.500000 CH=0,1,2,3,4,5 RAW="19.904,21.768,28.685,61.536,20.770,900.000" H=7ae6bf0e6112ec6cd7d32845736a5ba40a6d6f881c5cc2e6d731451c9db10956
D E=466.000000 CH=0,1,2,3,4,5 RAW="21.151,23.018,26.971,61.914,19.907,900.000" H=b0df7eba1c313007c9edeace7091a1b6f0823545486ee5e77d94927d813d1d17
D E=466.500000 CH=0,1,2,3,4,5 RAW="21.429,24.889,28.516,61.445,20.239,900.000" H=49db7b08ad19dcfd6e6b5c41599506ca636fb3c94ae20ae95dac0f11f16557c9
D E=467.000000 CH=0,1,2,3,4,5 RAW="21.430,20.180,28.807,61.194,19.946,900.000" H=8126bea9f244ab98c8340b8f7dfe0ba6d50b09693db3327d0214e846f726f341
D E=467.500000 CH=0,1,2,3,4,5 RAW="21.287,23.782,27.657,62.491,19.048,900.000" H=bab30dc3817d7468dabce18423dad5b7c7c5712863ea38b074d4c66307ef24e1
D E=468.000000 CH=0,1,2,3,4,5 RAW="22.705,22.676,30.394,61.150,19.526,900.000" H=5423f971b23161a707257714b61d6b4d8083444289d4b83bfa4fa66092b3115f
D E=468.500000 CH=0,1,2,3,4,5 RAW="22.118,23.877,29.008,60.054,20.030,900.000" H=be7d1b57dac75dc82ef3118acf3c57f51e131243bacd3d9aad6238303127f169
D E=469.000000 CH=0,1,2,3,4,5 RAW="19.760,25.670,28.091,60.389,20.364,900.000" H=c57e50f77f7598d53988c400285dfbe83ad792544ad037ea9fcb938ec6e2d7b5
D E=469.500000 CH=0,1,2,3,4,5 RAW="22.442,26.058,28.789,61.601,20.466,900.000" H=5fdc4ed8eaccfa11d6707706912f9117485c607c81b473abf5004aefe2d7b3ff
D E=470.000000 CH=0,1,2,3,4,5 RAW="21.290,22.706,29.870,61.156,20.223,900.000" H=9623d0d266a4093ed4dfbb49e839c9c9b1dfdf03d118b282181b7222e459d747
D E=470.500000 CH=0,1,2,3,4,5 RAW="21.624,22.996,28.451,61.996,20.135,900.000" H=7edcfa204baca6b5ecafa55c582b8d7c644ce695e57ac65bafa367038a7cf886
D E=471.000000 CH=0,1,2,3,4,5 RAW="20.616,25.479,27.642,61.119,20.061,900.000" H=faa927d87c011ac9a4ff76fc8eed630331b4b28bf5be5eb4051c6853b50ef3d6
D E=471.500000 CH=0,1,2,3,4,5 RAW="21.307,20.834,28.481,60.120,20.317,900.000" H=c1cb0661398950cb4071e2dfb1700abf223ac78c0bbb786c8fbc59ad853c6fa5
D E=472.000000 CH=0,1,2,3,4,5 RAW="20.246,20.848,29.027,60.640,19.339,900.000" H=1c31ede16b21c35b2e942a74db23cb65faaf5e46e55db8c58bb40203f6a6cc0c
D E=472.500000 CH=0,1,2,3,4,5 RAW="20.484,25.874,28.999,61.511,19.574,900.000" H=f8a3a727417f389c3396f21b93c7d4416a69bd477e6e87527e9a5b553adaee85
D E=473.000000 CH=0,1,2,3,4,5 RAW="21.469,26.017,28.887,61.855,20.231,900.000" H=cf6aab4b4bcadb89667ac90cfba058c764d5703a2738504c07837579a5324fcd
D E=473.500000 CH=0,1,2,3,4,5 RAW="21.261,25.818,29.123,61.604,20.435,900.000" H=abdc4596a38ba5fa3d5eba1a32858e32e8ceef3e326df3a22b7f3e8d5b2f4335
D E=474.000000 CH=0,1,2,3,4,5 RAW="22.931,25.740,27.995,61.194,20.255,900.000" H=00da374d3ac1083d208e52f81e41fb70ad9be118bda6cac5c2a5ea3a2d4c7006
D E=474.500000 CH=0,1,2,3,4,5 RAW="21.419,24.901,28.364,61.400,20.724,900.000" H=013f855aab12bcf0fda0b0861c545afb4fb857e237d378aaae8c4aec4a340c71
D E=475.000000 CH=0,1,2,3,4,5 RAW="20.384,24.687,27.461,60.797,20.259,900.000" H=512fd7312ce4ff118a2e0bce6f8a023dc83fa35006fee891e7e9ca7eb860b149
D E=475.500000 CH=0,1,2,3,4,5 RAW="21.377,27.436,30.401,61.167,19.936,900.000" H=2953000251413d36b551c7e2be6c8ad64c1609ebef36ae5f602596a40441cd61
D E=476.000000 CH=0,1,2,3,4,5 RAW="21.496,19.713,29.846,62.824,20.311,900.000" H=58acb672227672a3ddced83ed9f540b69f87166eaccbf1a47a1c8b3c815bbff3
D E=476.500000 CH=0,1,2,3,4,5 RAW="21.084,22.945,28.847,60.225,21.083,900.000" H=4ca0aa39a3e9d0a207416cdff36b0c175ed9c56525b6f08b6017c38caffed782
D E=477.000000 CH=0,1,2,3,4,5 RAW="20.514,22.957,29.879,62.703,20.279,900.000" H=868ca0662d26e5ee78a096423f088009a6c1528de2756752013e9b6228bbcee4
D E=477.500000 CH=0,1,2,3,4,5 RAW="23.104,22.647,27.212,61.196,18.978,900.000" H=c9a920fd7f7467834c147381814a667fabd73dc3bfcf46e763764f5eebdfca36
D E=478.000000 CH=0,1,2,3,4,5 RAW="20.489,25.071,28.810,61.561,19.138,900.000" H=b100c7b5e60387e2fb9bc1142e82eab07f75467990b162d6f7141719b0d1b985
D E=478.500000 CH=0,1,2,3,4,5 RAW="21.400,21.650,28.011,61.826,21.385,900.000" H=645dccde3446d44dbf114330e3d3d2ecaf5d25888cb29b3c7f92ef5aa8ffb7f8
D E=479.000000 CH=0,1,2,3,4,5 RAW="21.383,26.149,28.469,62.551,19.825,900.000" H=5cd8f4c720561bde98391d8cfa13b6b0fe838a2c6b63a790f4e3173a93bc4d22
D E=479.500000 CH=0,1,2,3,4,5 RAW="21.438,23.789,28.278,61.256,19.757,900.000" H=6ea47e6b3e83b5dbcb6630ddd5db7ed70ad1030097b62f823333cd1b9b4f3699
D E=480.000000 CH=0,1,2,3,4,5 RAW="21.216,22.951,26.619,62.092,19.261,900.000" H=21d47333914b74c083e111780273eedc8356d21986f3ae4a1c0df6a32484eaa7
D E=480.500000 CH=0,1,2,3,4,5 RAW="20.826,26.458,27.919,62.582,20.725,900.000" H=f857459911bd1db1a2157b35bfd178ab832158b687ecd304a375e8f16bc7cfc5
D E=481.000000 CH=0,1,2,3,4,5 RAW="20.899,24.057,29.245,62.764,20.131,900.000" H=c7a12010759a8c5ce57d7769e3dcd993657f17dd5a24d494d1403cff8700aaa6
D E=481.500000 CH=0,1,2,3,4,5 RAW="20.853,23.598,27.764,61.779,-128.663,900.000" H=8b7bb7c118676609f8d13880a6a4d298e41f381f6525720d7ca0a25282ee50cd
D E=482.000000 CH=0,1,2,3,4,5 RAW="22.163,25.787,28.075,62.479,20.096,900.000" H=3c70f0cfba9ebe3e77eed7855409b2f755615f9fa47e7d1d414e9ab8d4046bb0
D E=482.500000 CH=0,1,2,3,4,5 RAW="20.496,24.432,28.901,60.810,20.042,900.000" H=9761d2936db1dcc941610e04517b0a769d482ac8099039ff933df0bf2cc6c3a7
D E=483.000000 CH=0,1,2,3,4,5 RAW="21.336,22.563,28.135,60.506,19.208,900.000" H=19d40a858f3eb32c7bf632066184f624691a499fdc113a20bd4c2d26861231f0
D E=483.500000 CH=0,1,2,3,4,5 RAW="21.372,22.517,28.612,61.985,20.904,900.000" H=9d7040c4d8a6d9debc0209c32e6b0003dd357a393156c17275c4dcce0fd5f400
D E=484.000000 CH=0,1,2,3,4,5 RAW="20.168,19.159,28.753,60.423,20.013,900.000" H=bb03cb3580d15acd074c36e503e94e0a36f73e810b592b640822a1815a585659
D E=484.500000 CH=0,1,2,3,4,5 RAW="21.012,23.623,28.652,59.566,20.575,900.000" H=47993ccaa2209d7d3c2f56b4f94cbc998bfd030edbc6ce5c2ab04e6c3dadccc8
D E=485.000000 CH=0,1,2,3,4,5 RAW="20.823,26.260,28.846,61.813,20.571,900.000" H=e1bb801863a937e56dbf08c7128e67fb43498c0d07ffd5b3a815d1b871807990
D E=485.500000 CH=0,1,2,3,4,5 RAW="20.865,22.545,27.474,61.862,19.251,900.000" H=cb7a80d9cf896514405515e0dedbcf98ef0472cf3babf1774227fa054c9de5c3
D E=486.000000 CH=0,1,2,3,4,5 RAW="20.479,23.273,28.186,61.957,20.305,900.000" H=fa8b99b053618caebc422587760cffcc4b004d8db91e044eb387a98ffe3f8358
D E=486.500000 CH=0,1,2,3,4,5 RAW="21.172,19.448,27.867,60.995,21.253,900.000" H=8ca49323d4bba9f2512708337b58a072e3e6d479f71be6b019c965e95ed22e0f
D E=487.000000 CH=0,1,2,3,4,5 RAW="22.165,23.499,28.082,61.032,18.944,900.000" H=0b457c916becab9dfb09ce0aecb9e82cdb064933a96d2df3b6b46de8d2f9f903
D E=487.500000 CH=0,1,2,3,4,5 RAW="21.395,21.348,29.816,60.511,21.099,900.000" H=c114086cfa6aa1c0d399d72f94a21dc83195eff8f9389ed493ecaae175395246
D E=488.000000 CH=0,1,2,3,4,5 RAW="20.691,22.448,27.176,60.745,20.038,900.000" H=4f27c9a3b458d019a8dcd430d9b1bd7b6f734d70cd94724e8f8a427b9dd06402
D E=488.500000 CH=0,1,2,3,4,5 RAW="22.421,24.228,27.117,62.852,20.085,900.000" H=fff5072b615a2d3e63058345322957d90af1c31f41c275ee9b761e68e5a08eb2
D E=489.000000 CH=0,1,2,3,4,5 RAW="20.117,21.070,27.208,62.248,18.589,900.000" H=69301bdc7ea401944f8936d5a043aeba58ccce56f26400e64903d134b97dfbc6
D E=489.500000 CH=0,1,2,3,4,5 RAW="20.902,21.942,27.425,60.518,21.471,900.000" H=d62c0fdbc51b26cfcbee11cf7cfc5312664b7f5cbcba03ae8c41c791d3d64e57
D E=490.000000 CH=0,1,2,3,4,5 RAW="20.693,25.137,29.257,62.098,20.539,900.000" H=28b926cf653356523617969f671bc70bbabcbb7828580cf456dcbe08f0869158
D E=490.500000 CH=0,1,2,3,4,5 RAW="21.080,23.342,28.796,61.256,20.879,900.000" H=a0cc4d7d09c9b0d4341d9aa49b5bf8b1fd28926817e708168e76628bcaa41c1d
D E=491.000000 CH=0,1,2,3,4,5 RAW="21.901,23.571,29.804,61.706,19.861,900.000" H=ee7b574982a312c8bb26ef6c3a600f847f2039a79fbc8b39d3cbdd1a751d39f2
D E=491.500000 CH=0,1,2,3,4,5 RAW="21.744,24.220,28.994,61.559,20.367,900.000" H=a215d9c4dde6632a269bd0c6c6476f68a158d51db0b847fe7ace860950332508
D E=492.000000 CH=0,1,2,3,4,5 RAW="21.234,21.933,28.452,60.409,21.746,900.000" H=437578d9f9b12f130136a099af7feb5975b83de2dbad609314f1eae4868163e5
D E=492.500000 CH=0,1,2,3,4,5 RAW="21.103,22.190,28.439,60.190,19.721,900.000" H=f3991f1d12656799f29fc9aae6ef511434cacfae805b76da1927b4a465632672
D E=493.000000 CH=0,1,2,3,4,5 RAW="23.281,26.494,28.111,61.451,21.263,900.000" H=5393881985e9e1628174eb4f88e70a4e0445cbecbd5e63ece743edfdcba282f2
D E=493.500000 CH=0,1,2,3,4,5 RAW="20.767,24.035,29.624,61.187,19.509,900.000" H=86a94a0ab132fb28637854fd243dd7be46cf7a458c21eee6c0537e7f8b43d1a0
D E=494.000000 CH=0,1,2,3,4,5 RAW="20.744,25.019,28.788,60.959,20.124,900.000" H=1458cb5d0d5883d117e46d4d9e52150cfa86b48e7772a8815697720c7535a585
D E=494.500000 CH=0,1,2,3,4,5 RAW="19.567,23.695,29.468,60.949,20.487,900.000" H=17bac6affc837ef92f58b39a25d1ef5199262979d28c4d22dcd3eed0ccc9902a
D E=495.000000 CH=0,1,2,3,4,5 RAW="21.396,22.580,28.739,61.256,19.853,900.000" H=8b9230bfd30e5f2e8c638549d1cf3a2bfba0376b39f839d53607435ae74211cf
D E=495.500000 CH=0,1,2,3,4,5 RAW="21.708,22.658,28.718,61.199,20.996,900.000" H=b7de0a5ae95dfb414a4e813d32e7fd92eba739a1284da786ba5511d855c286e5
D E=496.000000 CH=0,1,2,3,4,5 RAW="20.902,22.116,29.256,61.844,20.589,900.000" H=8ab6b491a07f6ae94a7d465586376ce6fb31a3fc86dea1010d94289a813828a7
D E=496.500000 CH=0,1,2,3,4,5 RAW="21.660,24.165,28.284,61.956,20.805,900.000" H=16f7a88b5e7fe0ee0611986f996c5122c8de2d52a6730394bbcc99fc0095bbd5
D E=497.000000 CH=0,1,2,3,4,5 RAW="21.291,21.562,27.927,61.566,20.529,900.000" H=e59a275020fd0f7d6027f3d99e4d26a90623f721a73208ca953c3fc04284ae4e
D E=497.500000 CH=0,1,2,3,4,5 RAW="20.800,25.055,28.185,61.160,19.832,900.000" H=a304551d8d36ec801e34f33810cd67a5bb4f0be1a936dcd783157e1a8b64893f
D E=498.000000 CH=0,1,2,3,4,5 RAW="20.554,24.082,29.005,61.173,18.470,900.000" H=bc50806b29d0d47b4254ba1bc21bbc09822b854569c6d90786e88e5ea2425cef
D E=498.500000 CH=0,1,2,3,4,5 RAW="20.170,25.341,26.810,60.299,20.927,900.000" H=7bdd76202adc73761daafdd9578a86bce514bcb5e1f2dc45ae131a3f94ddd597
D E=499.000000 CH=0,1,2,3,4,5 RAW="20.322,23.772,28.111,60.736,20.570,900.000" H=b74044817ee35247a060fbc1d56453bd5fc6c0edcdcdc974125838d48672474e
D E=499.500000 CH=0,1,2,3,4,5 RAW="20.827,24.895,28.120,62.293,18.920,900.000" H=01276f2c178b0043f084c0326a4bd495a3427689aa039d395b81583eacf1a437
D E=500.000000 CH=0,1,2,3,4,5 RAW="20.427,23.583,28.435,61.118,20.628,900.000" H=8692407eba05e1a57942e42c48780ba11fb4026710f5e85ece8745dc90042e2b
D E=500.500000 CH=0,1,2,3,4,5 RAW="22.012,21.127,28.080,62.567,19.905,900.000" H=f2e4cf2a31362302a67d41eb184fde5bdeb6d7b3e5745716e76ca4af5fa6181f
D E=501.000000 CH=0,1,2,3,4,5 RAW="21.601,22.811,27.731,60.534,19.791,900.000" H=78b9810ae6b8f1ef21380e00621b9511513cc62dc7a8b0014d105655399d2ef4
D E=501.500000 CH=0,1,2,3,4,5 RAW="20.833,21.579,29.690,60.787,19.231,900.000" H=57737eadcae78ca433011e6c59e8a0aa1be72ff5117824241ed84d7c2729820c
D E=502.000000 CH=0,1,2,3,4,5 RAW="21.106,23.240,28.004,60.967,19.948,900.000" H=45b8847f14d15b2dee4e4d9bd9d3bf4e5df3725eaca6c29e829d4a109d3b1a90
D E=502.500000 CH=0,1,2,3,4,5 RAW="20.391,23.380,29.343,61.501,20.844,900.000" H=b3a8583e99d2bb69df4e7c836701f0f74f000a866ff4a60caab7d451de358380
D E=503.000000 CH=0,1,2,3,4,5 RAW="21.188,25.192,28.119,60.768,19.686,900.000" H=3ce7c8b215f7e670dbf5cc66ba102a4a88b2672394c498f3e22f093db7505ff5
D E=503.500000 CH=0,1,2,3,4,5 RAW="20.583,21.992,28.431,60.825,20.090,900.000" H=23cc05a1ceb5978d407340e609d2c2415c52a29d6b3945fb3d709887f4dab13e
D E=504.000000 CH=0,1,2,3,4,5 RAW="20.832,22.642,28.143,62.639,19.398,900.000" H=e38322087c2cff52eafdd5460f6ab6144b50503b1a7339c48b2760bdb9987ad2
D E=504.500000 CH=0,1,2,3,4,5 RAW="21.008,23.388,28.384,60.832,19.961,900.000" H=05cf8da37923e8a625819c99ee0de538f9465d63a6a15cdea04bd4096765dcd6
D E=505.000000 CH=0,1,2,3,4,5 RAW="21.466,25.944,27.887,61.628,20.479,900.000" H=99df675aa8e9e35bdcbe42ecb1dec1cc7faa9c5decb7844962f15aefc4696ef9
D E=505.500000 CH=0,1,2,3,4,5 RAW="20.347,25.199,29.903,61.310,19.756,900.000" H=fe7c842a703c2c5e585e68d082c0e48ea9de194db50c6850113474108cea3622
D E=506.000000 CH=0,1,2,3,4,5 RAW="20.090,25.677,27.587,62.148,20.508,900.000" H=12b49f916e7a482bfade3799866caac2a06359b85664fca74cafc07bb8d57f2e
D E=506.500000 CH=0,1,2,3,4,5 RAW="21.705,22.224,28.628,62.396,20.228,900.000" H=1d676289651d4f18b70daf958a4bcd3a40a27f859274b08edbc3f7874f0a5c50
D E=507.000000 CH=0,1,2,3,4,5 RAW="21.676,19.333,28.685,61.939,19.833,900.000" H=450ceaddd6eef9eb3d8aee567ae8adef7ca37fa90b4e26d0e0e3be7fe4df986c
D E=507.500000 CH=0,1,2,3,4,5 RAW="20.194,20.053,28.299,60.877,19.688,900.000" H=de3ef8e1a1294ec03421b9af0ec977fda2230e9637ddefa2d4c08f422d064831
D E=508.000000 CH=0,1,2,3,4,5 RAW="21.182,23.958,27.925,60.947,20.711,900.000" H=a1f6d906d9895c33eb2ec1feb4ac320c284936ddb55706a9fce15930b107f059
D E=508.500000 CH=0,1,2,3,4,5 RAW="21.230,18.842,28.251,60.622,19.515,900.000" H=7f1dde490508e25bba538cc21e53c8452bcb9c8d2c7454de5651d7b5d6cffcf2
D E=509.000000 CH=0,1,2,3,4,5 RAW="22.251,25.658,28.787,61.428,19.422,900.000" H=bef51dee8dec73c77658ab39816cb14195fcfa906591c1fd9f5cf31a6815e773
D E=509.500000 CH=0,1,2,3,4,5 RAW="21.208,21.250,28.578,61.283,20.008,900.000" H=0965ba132dc14d8449be6f46495794745684d05e8793bb4b00dc885bc395ddd3
D E=510.000000 CH=0,1,2,3,4,5 RAW="20.023,24.966,28.797,62.239,19.587,900.000" H=f71da19bef18bf9b4d3574733cb56175cd25260c511b54cee4af68c1e4b4fdc7
D E=510.500000 CH=0,1,2,3,4,5 RAW="21.170,21.799,28.238,60.764,19.646,900.000" H=19b9343e7070ae9aaffc8fb6d9a9723f43a947f368aecce9f19991abf0a98c74
D E=511.000000 CH=0,1,2,3,4,5 RAW="19.903,23.217,28.391,60.585,19.444,900.000" H=ee23934df1337354fe0c866e7c0ee01def0f8f6508761426d31e41342e686ace
D E=511.500000 CH=0,1,2,3,4,5 RAW="20.653,24.684,28.542,61.477,21.139,900.000" H=c3f9c0995f36b0f651cc883ca9012372d07bc01a339abea6fe3f8cc2d994f67c
D E=512.000000 CH=0,1,2,3,4,5 RAW="20.023,23.840,29.234,61.087,20.201,900.000" H=3af986244f9cc35b5d8aa0bd7f30379bd2663559108cfc4057782c3660d78d9b
D E=512.500000 CH=0,1,2,3,4,5 RAW="21.256,20.912,28.657,61.156,19.165,900.000" H=42e9971fa5544d8c89e8f13ad4644a4c97352746d20a55a6951a04b579d19667
D E=513.000000 CH=0,1,2,3,4,5 RAW="21.841,22.022,28.481,62.641,21.950,900.000" H=9a62fe8efedb965f57399f7d4703cd91b7883004be5978db5c172e4d2d63fdd6
D E=513.500000 CH=0,1,2,3,4,5 RAW="20.514,25.883,28.533,60.204,19.428,900.000" H=02a44dccd33eb3cc6129524185dde02cba3f42a7cf2ef6f75f7746bbdf199667
D E=514.000000 CH=0,1,2,3,4,5 RAW="21.050,23.804,28.760,60.028,20.757,900.000" H=8706bd5bb3a41bbd547bbf85b3b58ac10ccf77b8a22f644212048933df36051a
D E=514.500000 CH=0,1,2,3,4,5 RAW="21.851,22.049,29.827,61.455,20.060,900.000" H=8cbde33a461a4dfee4a11bf46e6c496c4714dc13ef4544ab4e184f276175aa8b
D E=515.000000 CH=0,1,2,3,4,5 RAW="20.936,25.284,29.304,62.748,19.932,900.000" H=81343f8b3bcf45dd76e4725fb3ad2ff0b18c3603b6181ba21a8a82153760df55
D E=515.500000 CH=0,1,2,3,4,5 RAW="21.958,24.504,28.132,61.471,19.330,900.000" H=d688f3fdf837d9325e81d9051f810beff6ad9455bafc42320ce0ddc33c102b0a
D E=516.000000 CH=0,1,2,3,4,5 RAW="19.566,21.927,27.916,60.233,18.664,900.000" H=8fdcd0a9a9a69d2348f906b4340a2bf1991525e16a535ce33d4ee7d0a2934512
D E=516.500000 CH=0,1,2,3,4,5 RAW="19.826,26.915,28.779,60.824,19.611,900.000" H=08520480a7760539045dfa9193d9495483c5becf59c5d02d3c5a74f97658e78b
D E=517.000000 CH=0,1,2,3,4,5 RAW="20.304,21.206,28.093,60.858,20.309,900.000" H=1e9ff5cea48a897bc1be0db7ed8ab24de7fee728e081a8f3408eb15ceed9df03
D E=517.500000 CH=0,1,2,3,4,5 RAW="21.992,24.081,29.309,60.976,21.487,900.000" H=de6ff470f3fd153f25ba0877cf916813df910ef44127a730016f04092d2c13b2
D E=518.000000 CH=0,1,2,3,4,5 RAW="20.628,24.317,28.953,60.505,19.768,900.000" H=4995cc2d6f73a7b2041120983460eb867a1bad4931816d4e81912c6a876699e8
D E=518.500000 CH=0,1,2,3,4,5 RAW="20.536,24.434,29.222,61.290,19.938,900.000" H=c7c2fa75dd2f629ed569a617382874968a4adfff824e702b2f1a4def4b953d44
D E=519.000000 CH=0,1,2,3,4,5 RAW="21.053,20.873,28.558,61.508,19.984,900.000" H=4754b4155c295e12d0d91d7d06c5f68ed5ae02a9a5a6ffef80b66428a5e75068
D E=519.500000 CH=0,1,2,3,4,5 RAW="20.407,24.547,28.747,59.929,19.082,900.000" H=b0ff19491731d0ce09e6ae7c13f83cd82338c99c7f1f86e7ba73effe4ed2aa80
D E=520.000000 CH=0,1,2,3,4,5 RAW="21.733,25.167,27.909,60.533,20.473,900.000" H=72b91645a6563f54b89cb9d7ee9f731ab130ab111f9e3e1adbb3cd377ff507bf
D E=520.500000 CH=0,1,2,3,4,5 RAW="20.099,21.696,28.884,60.039,19.390,900.000" H=9f1ca668b00b3744287a2c648c5c7d73fbb20833c88107b3401e179925ed20aa
D E=521.000000 CH=0,1,2,3,4,5 RAW="22.184,22.207,28.541,61.558,20.433,900.000" H=543d84e2e22d585b5ac806cb0c6f585b9d7fd64e28656ccd30150c355ad9a5e2
D E=521.500000 CH=0,1,2,3,4,5 RAW="20.812,23.859,29.234,60.102,19.261,900.000" H=e4ee05cb50e5fa2d2a0d86e1cc1b9edd1ef6ed6dffb490d544fd90e83b0a394c
D E=522.000000 CH=0,1,2,3,4,5 RAW="19.526,21.089,29.497,61.148,20.337,900.000" H=efc28faced91c34a216e3a8fd9bd2f0022728b6a297b13f045639d6d316f1014
D E=522.500000 CH=0,1,2,3,4,5 RAW="20.519,23.465,29.347,61.415,21.819,900.000" H=61e0c4d1a802f114ecf8a285be1733a537bd28ec5b7cfd3b988910d82b69ee6b
D E=523.000000 CH=0,1,2,3,4,5 RAW="22.537,23.199,26.762,61.470,20.023,900.000" H=dc3d031c6e2a2cc1f11b0ba8fd34686f06d61a434796583172f23c14a8c5f816
D E=523.500000 CH=0,1,2,3,4,5 RAW="22.013,21.766,29.247,60.101,191.943,900.000" H=0f25e89b9fd3c09a9c251efb076bdb633872d7107a7f49f6a3618f5d757e8ede
D E=524.000000 CH=0,1,2,3,4,5 RAW="20.885,19.991,27.979,61.568,19.065,900.000" H=5b8cc14453ffe2770e02f5909a1b6fc15557c2fed41ee93c3a7c0273e8d1b329
D E=524.500000 CH=0,1,2,3,4,5 RAW="19.751,22.894,31.098,61.119,20.162,900.000" H=8a25e0052db1ca0b0f75a3fbef52d19848e4fac3d5702a4c24d5beaaadb2397f
D E=525.000000 CH=0,1,2,3,4,5 RAW="21.591,24.324,27.758,60.487,21.658,900.000" H=46e79ad60c3053b16a3275d5e59387d2db0f0cf50f9743b0221e241b4ca82abe
D E=525.500000 CH=0,1,2,3,4,5 RAW="20.005,23.524,29.062,60.454,20.053,900.000" H=9e590e07aa0925fc872d4b7882b707111253de67a9207fe12eea4ba383ee9314
D E=526.000000 CH=0,1,2,3,4,5 RAW="20.160,23.290,27.630,59.622,18.926,900.000" H=a2b36c72ec0014aed7ec8050f738dde8181af0a909da5cf4a0aee231714c577e
D E=526.500000 CH=0,1,2,3,4,5 RAW="20.573,19.709,28.229,60.493,19.944,900.000" H=94a04a2cc95e87c83c3e20f26963c2965d916fff9eb10921f743a7b0f307f069
D E=527.000000 CH=0,1,2,3,4,5 RAW="21.532,26.082,28.106,61.536,20.757,900.000" H=a5a6e9b6bc4b8075358a37c445db5e1cfd511fb33e620a138c00bbe6deefaa6b
D E=527.500000 CH=0,1,2,3,4,5 RAW="21.997,23.478,28.329,61.296,19.391,900.000" H=03ea6572eb636998969c5aaf80fe0269c75d7ec36d88933c4fa6ea0e3b328b1c
D E=528.000000 CH=0,1,2,3,4,5 RAW="19.713,26.491,29.322,60.168,20.036,900.000" H=f777336c766962eb453eec0385bd2108e29bfddf067e15f9cf66dc28da597ad8
D E=528.500000 CH=0,1,2,3,4,5 RAW="20.301,26.680,28.365,61.239,18.823,900.000" H=548f4dde318d082a21359d10c6d975e44dcf29fbf2d35e2c8e99515b1567623a
D E=529.000000 CH=0,1,2,3,4,5 RAW="21.187,21.386,28.705,60.901,19.052,900.000" H=cb1e33b3feac76e45e4871fe355c9b56333e5122f5e92f9b94ab5ee3b44494c6
D E=529.500000 CH=0,1,2,3,4,5 RAW="19.789,25.918,28.543,59.026,18.678,900.000" H=4a8f42258a2e344ba9b44dd75bf1dbd4d6f30eaa6067d91cc39146d29882b444
D E=530.000000 CH=0,1,2,3,4,5 RAW="20.077,25.237,28.319,61.957,20.298,900.000" H=ab0dc9697d30cb954cc3b38f12f28b3efe8bbd19dd404f84bdc08c4901fbae1c
D E=530.500000 CH=0,1,2,3,4,5 RAW="22.106,25.536,28.708,60.817,19.671,900.000" H=c98bd8789666a5857d713825a89a84770840701934b3bc24484bf3e08eee59fe
D E=531.000000 CH=0,1,2,3,4,5 RAW="20.561,20.445,27.996,60.772,20.252,900.000" H=6ef038cdd36326270ff38c498c0a7ad3b86c64a9c8a3af0f03f0d93438625488
D E=531.500000 CH=0,1,2,3,4,5 RAW="18.552,16.913,29.899,60.784,20.826,900.000" H=bbb2bdc9c868c67e322516d833e8295aa9af1154c1b55a52762ef9c64f0723d0
D E=532.000000 CH=0,1,2,3,4,5 RAW="21.022,24.407,29.162,60.813,21.561,900.000" H=f4388f3f6da6ea62331ffbb02bffbb10ac163a4ac27ee875774365400eae0665
D E=532.500000 CH=0,1,2,3,4,5 RAW="21.279,23.232,28.672,59.734,20.043,900.000" H=ba981fd5aeeef75318380cabf5f50d8b05125ba4be5aaf19a84e29eb4888a137
D E=533.000000 CH=0,1,2,3,4,5 RAW="20.351,22.084,28.953,60.762,19.978,900.000" H=b1ad1a9ea83b54e2b854a9ba25cf9bd8c5d27b6ee91ee248a8406cac276cf214
D E=533.500000 CH=0,1,2,3,4,5 RAW="20.549,23.593,28.354,60.321,20.508,900.000" H=1eca83e8b56859db10a43edede40b6eaa0fa024e05c886f8d057e6090c12d8f7
D E=534.000000 CH=0,1,2,3,4,5 RAW="20.626,27.629,28.150,60.261,19.827,900.000" H=be3067524e6aff7a222b1f091e3ae489f5cfddf4ad810df7298749d5e55aef77
D E=534.500000 CH=0,1,2,3,4,5 RAW="19.951,25.234,27.804,59.591,20.231,900.000" H=595d7fa7298dc78af207380272c2e9cf41549293f682ee75d60f752d7c74b256
D E=535.000000 CH=0,1,2,3,4,5 RAW="20.481,24.642,28.413,60.751,19.085,900.000" H=7c9dff18f8814933fb6a3ee34aff9e53eb7acace5ac6d6d9fc4310f61d70d18c
D E=535.500000 CH=0,1,2,3,4,5 RAW="-20.139,25.016,28.910,60.730,19.797,900.000" H=87e8e7d8b3435400c5470be70ec347294b5a4e2a88cfda71b99451a6a4671394
D E=536.000000 CH=0,1,2,3,4,5 RAW="21.006,22.698,30.479,60.492,18.729,900.000" H=0615b5e29344537aec8dfa202af027cfd65d7bcf7d80a73dedc41ff6b7137b14
D E=536.500000 CH=0,1,2,3,4,5 RAW="21.361,20.298,28.083,61.564,19.381,900.000" H=02ef2129dbbde4c68a72e0ad7f89e9c33a1ed404b69cb2c17c5beb87d8ef1cca
D E=537.000000 CH=0,1,2,3,4,5 RAW="20.630,20.893,27.807,60.732,20.956,900.000" H=53aeece64f769c87f4fd632711079e000ef00d4fa7ec996f25d7fd083dc551ac
D E=537.500000 CH=0,1,2,3,4,5 RAW="19.603,23.452,28.990,61.458,19.274,900.000" H=410c46d0d46972422a882183a108a6b0fee9e93c8c958ba29301a89008002273
D E=538.000000 CH=0,1,2,3,4,5 RAW="21.397,24.925,27.506,60.869,20.213,900.000" H=35cdeec4512683e8dc4924e9ec303b3c0790e3659ab42979f3d4fa014ab62b16
D E=538.500000 CH=0,1,2,3,4,5 RAW="19.979,23.479,28.273,61.742,20.462,900.000" H=308c6c8ea9cfbea123eaf0887ca483913558ab430922d2acda0005d81ec507bb
D E=539.000000 CH=0,1,2,3,4,5 RAW="20.976,25.608,29.679,61.581,19.701,900.000" H=7aa3b664becd386f4a79a6c8ab70fe3b953a5ef9bd7c117c49dc328b013f256c
D E=539.500000 CH=0,1,2,3,4,5 RAW="20.203,19.888,28.758,62.028,-82.678,900.000" H=b40cb4cc95ff0a14641e05eab3496cbb3a7e435b0159baf12c85098ea0fcf036
D E=540.000000 CH=0,1,2,3,4,5 RAW="19.764,22.243,29.467,60.131,19.991,900.000" H=3f56b9cd1c8b397b46cd73e0d90aa1fa98891457b53a87bff6f7716d36fac611
D E=540.500000 CH=0,1,2,3,4,5 RAW="21.538,25.537,29.419,62.931,20.169,900.000" H=bf566cc0954f586bdb6f6a264733df393ae48386f99e1847418a5f2f890c2390
D E=541.000000 CH=0,1,2,3,4,5 RAW="21.611,24.132,28.369,60.985,19.600,900.000" H=54258f4a0839f94fdf63e872ed0606613619f92660d72ab6fba69d393c624c51
D E=541.500000 CH=0,1,2,3,4,5 RAW="21.159,23.122,29.727,61.194,20.599,900.000" H=589abc3073d18ee49b1b6e791c0ae86e4807d9faab946aa12556aa19135c8a84
D E=542.000000 CH=0,1,2,3,4,5 RAW="19.741,21.240,29.080,60.706,20.040,900.000" H=a26a6aea4ec6874113164a89a1fda2921015ff419e3b62ad3f3260f26d9b7079
D E=542.500000 CH=0,1,2,3,4,5 RAW="20.538,24.321,27.835,61.790,20.696,900.000" H=32c2f6bde0202276e93c5100a80ae3d5a48dee2a57dc92f1439610afd74bdcac
D E=543.000000 CH=0,1,2,3,4,5 RAW="20.858,23.305,29.171,62.063,19.601,900.000" H=8b66a186b7139677118cd598c577483b934aead3f8d8b8ad14fcf615122ed280
D E=543.500000 CH=0,1,2,3,4,5 RAW="21.680,24.616,29.892,62.060,19.678,900.000" H=0e9c5a3845fbef978fc8dd5c9325799cfe367972a9977224c797ffff2752df9e
D E=544.000000 CH=0,1,2,3,4,5 RAW="21.281,23.630,29.397,59.510,20.981,900.000" H=25239545baee6abd331b101914bbbce6052f8eda0ae226de01e4d5ff5ef8fc3d
D E=544.500000 CH=0,1,2,3,4,5 RAW="21.362,22.200,28.566,59.282,19.524,900.000" H=b7d268bfd8476ac8424b5f6e609d643aa11887ef584742bd892ed67b2d90fd81
D E=545.000000 CH=0,1,2,3,4,5 RAW="20.956,23.589,27.849,61.422,19.614,900.000" H=15e86728058216ffff98c19f077744d08f575ce87573021c899b7fce008d9740
D E=545.500000 CH=0,1,2,3,4,5 RAW="22.343,23.903,29.281,60.296,21.029,900.000" H=bb6527e03bf129779a33639424b7f6c74c27c220fd6868f37c48573dbc917336
D E=546.000000 CH=0,1,2,3,4,5 RAW="22.313,25.115,28.090,60.574,20.103,900.000" H=b447ce409a2695dce1fdcfcb97dfeb5527aac01cf43ea8e8ee50e64b8079fce8
D E=546.500000 CH=0,1,2,3,4,5 RAW="22.367,21.149,29.614,61.781,20.900,900.000" H=968870dbd79c1409bb98f5158f37992f798c174bddfcd7c6e5d9c96a44f7160d
D E=547.000000 CH=0,1,2,3,4,5 RAW="21.912,26.983,29.723,60.813,20.780,900.000" H=3d40e127a214fa52c617edf120e554d4aad10b49c96875903a280f9d4c490427
D E=547.500000 CH=0,1,2,3,4,5 RAW="20.501,27.322,28.935,59.636,18.798,900.000" H=1f881295c272a341d9e776a1c6b8bb25fbb61b7e6d7df5da54c2e839a8d4f9aa
D E=548.000000 CH=0,1,2,3,4,5 RAW="21.423,23.034,27.863,60.174,19.572,900.000" H=ce1af371c25f0013e83483474a81161cfd6828109f466076ae3272d8f9535022
D E=548.500000 CH=0,1,2,3,4,5 RAW="19.660,25.102,28.932,60.415,19.659,900.000" H=409640f918b9b75d3c0b778c1907db4dfabdd2f56272e1dafcc254efa5793fcf
D E=549.000000 CH=0,1,2,3,4,5 RAW="20.195,23.945,28.514,62.171,20.200,900.000" H=f174b9ec01989433e0dfb2537ea199ff249b34dad1ddd3b4d056ebf7a9dd67f8
D E=549.500000 CH=0,1,2,3,4,5 RAW="21.306,23.794,27.284,61.738,20.901,900.000" H=7b3b81f293d1cdd6d5ecd4363b815073bea0d39647351f1f73fb4376f1423b91
D E=550.000000 CH=0,1,2,3,4,5 RAW="21.749,25.377,28.398,61.150,20.679,900.000" H=5229f54460577f2e78df4de7ecd0f0f2298413481e6909ea21228c8bae866222
D E=550.500000 CH=0,1,2,3,4,5 RAW="20.170,23.933,29.616,60.388,22.406,900.000" H=7762362bcde9f4224ce8c99d50f77d77dd2df1d71caa28a12e45f80c71b99476
D E=551.000000 CH=0,1,2,3,4,5 RAW="19.276,23.387,29.132,60.324,21.127,900.000" H=0d2a712e6de17e60f047f6261c98e5f284a29a4ce6900cbec176995a6e5da1fe
D E=551.500000 CH=0,1,2,3,4,5 RAW="20.546,18.642,27.834,61.206,20.688,900.000" H=2e33920ac0bfce13d20cf64a34812ed978e354aa26053ec8be7eae125614f476
D E=552.000000 CH=0,1,2,3,4,5 RAW="22.229,26.418,29.217,59.812,19.995,900.000" H=f49cbcb81d40f583a07d72b5b0075d8aa26848974af0e971fb64e29faac4be39
D E=552.500000 CH=0,1,2,3,4,5 RAW="21.799,21.352,29.542,60.265,21.390,900.000" H=6caea107e4e3057866d6e334d7fa1f798fbd713996548dba8f83a0a8f4f7bd24
D E=553.000000 CH=0,1,2,3,4,5 RAW="21.238,22.695,30.226,61.381,19.857,900.000" H=0a42933ffd63b7246bf0697e8530fe05366aae1cc199ab390cd63259e0152e90
D E=553.500000 CH=0,1,2,3,4,5 RAW="20.454,24.774,27.772,60.155,21.469,900.000" H=17bf0a0d43c0e77e45cfded8e027271565870997e3964e4ed7a030452c92c661
D E=554.000000 CH=0,1,2,3,4,5 RAW="20.956,23.415,29.071,62.103,19.974,900.000" H=d8eacb289ee0a21b5f69c32bc7d0047acf4e3cef138010a1495ef62397c090ce
D E=554.500000 CH=0,1,2,3,4,5 RAW="20.705,20.884,29.232,58.998,20.644,900.000" H=d374d252b5a59929b4fdb309ef8f20baa8b3a2a2e3e6095a11a4077fde575ea9
D E=555.000000 CH=0,1,2,3,4,5 RAW="20.890,23.154,28.441,59.472,19.830,900.000" H=27028294d1d095c010b4aa8eac520e18db85eb0056ad873f7e88f4b7f32b19e9
D E=555.500000 CH=0,1,2,3,4,5 RAW="21.375,24.005,28.635,61.518,20.150,900.000" H=11cd2754eb94c8498c844bf4a863dfd9db8f03e0641153fd787621e3481a4cbc
D E=556.000000 CH=0,1,2,3,4,5 RAW="21.140,23.757,29.405,59.990,19.642,900.000" H=7992ee3cc6b414c06ba38bbf89c10acb5e4984644b64581a43617c0a4e5e68f7
D E=556.500000 CH=0,1,2,3,4,5 RAW="20.818,21.278,28.907,61.064,19.272,900.000" H=45147059cc9a57c91db746d28639f3ce678ec32581804e99f51937cb8ef7fa4f
D E=557.000000 CH=0,1,2,3,4,5 RAW="21.657,23.533,28.166,60.188,18.794,900.000" H=24cae2d514f99218f08881affa87bb495fd4a7a0511cc64a8c612ac46afb7f06
D E=557.500000 CH=0,1,2,3,4,5 RAW="20.803,21.650,29.445,62.164,20.729,900.000" H=3617de5ec69361dbd3413b00db18f81749a8790f9039fa3fb1d15943c2ec8171
D E=558.000000 CH=0,1,2,3,4,5 RAW="20.445,24.637,29.724,60.986,22.314,900.000" H=d3c4556eb75d0d0931e55b0bf15d3df42c8c4228206ec3e9c0ac96e041992b67
D E=558.500000 CH=0,1,2,3,4,5 RAW="20.835,22.963,29.402,61.095,20.512,900.000" H=c586a61045ad2026d568959e49565cae7c234b239b4b87451dd592afdcb743e0
D E=559.000000 CH=0,1,2,3,4,5 RAW="20.843,23.413,28.901,60.290,20.007,900.000" H=2c6839fc385db76bb888d0a37c07c750a4825c98f9fe42d8639c1edcf77f0cf9
D E=559.500000 CH=0,1,2,3,4,5 RAW="20.314,21.591,27.322,60.345,20.925,900.000" H=438909903b3029b5bbe1ac58d1f47fe79e9850dd50b55166a940a2e08823698c
D E=560.000000 CH=0,1,2,3,4,5 RAW="21.848,21.726,28.539,60.709,20.037,900.000" H=d6d3871502c6160c043bd293c4ca7af606be4ec0c4382cac0d6c0ac2c424e3d1
D E=560.500000 CH=0,1,2,3,4,5 RAW="21.425,22.955,29.524,60.981,20.076,900.000" H=2d68ec2cb93acbc30c135019294cde7c04589cd36bbc4ce4d7ee255e0fa0ad26
D E=561.000000 CH=0,1,2,3,4,5 RAW="21.100,23.974,28.797,60.686,21.028,900.000" H=c6711db32e02230649365fdca59f13483ca950b0f432f03c8dea76674ed94f05
D E=561.500000 CH=0,1,2,3,4,5 RAW="20.332,24.067,29.588,60.579,19.674,900.000" H=f34896407a42ff08ed625dd1e04f8cdef87c8c637416107267f9527f1a221a33
D E=562.000000 CH=0,1,2,3,4,5 RAW="21.022,22.393,28.256,60.957,20.417,900.000" H=c0881a287730c628010dd3d5e659eb1aa84793cafc9c7be7de3868433b7f1771
D E=562.500000 CH=0,1,2,3,4,5 RAW="22.308,21.662,27.858,61.743,21.412,900.000" H=f2c8cc1fa9f7aed8284161281096c7d0f6b297f1f84e02e6a707101c854a6e11
D E=563.000000 CH=0,1,2,3,4,5 RAW="20.424,23.335,28.460,60.615,21.692,900.000" H=5c10515ea53ef74d02a82bbe2328d05b384630c286a2181d3f2e46acbe8777ab
D E=563.500000 CH=0,1,2,3,4,5 RAW="21.466,23.558,27.403,61.231,20.893,900.000" H=42ad370614b7411f679928a42ef1b12ee0ca6eaf3aaa1d73532ecccb20fc966d
D E=564.000000 CH=0,1,2,3,4,5 RAW="20.578,23.211,28.099,61.402,20.410,900.000" H=1720e334d5fb2fa9245a7b4977735776ccfdb1c19ad9fb5440bec351f2f3c974
D E=564.500000 CH=0,1,2,3,4,5 RAW="22.076,24.012,28.102,60.354,20.378,900.000" H=325480a455debbf4c88b0987c1cdb51ad02db1992671a88e607c12a41ff0b007
D E=565.000000 CH=0,1,2,3,4,5 RAW="20.736,23.305,28.019,58.966,19.023,900.000" H=6dc06efbcbc6089af67db5637fbd5c2a972bdf12a29883b3047eae8e0510d6fb
D E=565.500000 CH=0,1,2,3,4,5 RAW="20.933,21.131,29.598,60.480,20.061,900.000" H=eb9d7268132ad4a9a74af7ccfab58b1c8f77c4f2171b1ba6c73acfa24e4246d9
D E=566.000000 CH=0,1,2,3,4,5 RAW="21.409,24.862,28.938,60.718,20.516,900.000" H=f223453a10ef68fc9042c6b7ba0ceb3ffeb7ba2c71aee573d421300a399ce2b1
D E=566.500000 CH=0,1,2,3,4,5 RAW="20.762,23.119,28.659,61.338,21.377,900.000" H=d8d3ca8309ad822a0c9775801045c2cffcb19f93c863ac26002a34b120c695d7
D E=567.000000 CH=0,1,2,3,4,5 RAW="20.530,23.166,29.239,60.891,20.533,900.000" H=6447cdc689a63da4ce405f43905cdf0f35458c22f89d701f94056771fbb1d480
D E=567.500000 CH=0,1,2,3,4,5 RAW="22.140,24.845,27.975,61.371,19.842,900.000" H=fa9014122e6d5a1e86ea3b9749ed6441abf575bff880437f7c13acb8dc87acd1
D E=568.000000 CH=0,1,2,3,4,5 RAW="20.938,23.111,29.510,59.867,21.231,900.000" H=2c07573d68348ef78dfd6208f799722b8f9718080f1989197de174f34f2cbcc4
D E=568.500000 CH=0,1,2,3,4,5 RAW="20.440,22.745,28.696,61.593,22.086,900.000" H=d176b746090bde4980a06f4facc32196e8c3342118b341b1008495750ae8c8cc
D E=569.000000 CH=0,1,2,3,4,5 RAW="20.683,22.251,27.575,60.988,20.581,900.000" H=4003e51d8810838145cf12396f9437c98b5ecde21dba5d3fc4e59cd4691b6d1b
D E=569.500000 CH=0,1,2,3,4,5 RAW="20.232,23.939,29.016,59.771,19.869,900.000" H=e1080940f42e2256420e01d85b1fd9c6deb1b2a24db9074a197d9630f1f76071
D E=570.000000 CH=0,1,2,3,4,5 RAW="20.953,24.858,30.689,60.595,20.003,900.000" H=8f30368bc0b89bd67e0b4a425a12bd330b432470714c997ceb0bcceed300067d
D E=570.500000 CH=0,1,2,3,4,5 RAW="21.019,23.776,27.584,61.097,20.449,900.000" H=cc12fb715d2999f20dc4c2f2564ba20ed4930fc5bbba239dc103a88b05aeeeb5
D E=571.000000 CH=0,1,2,3,4,5 RAW="20.541,22.737,28.914,61.107,20.762,900.000" H=d18cb660eb938df1ee2b26924deb90d8f8688dc9fe57639d29bfa479bf7eca8d
D E=571.500000 CH=0,1,2,3,4,5 RAW="21.680,22.757,29.261,61.320,20.419,900.000" H=fb641f1258bd4e2b91430d99b726110c4bfb4bb13ca4c297a3f92b4c064de384
D E=572.000000 CH=0,1,2,3,4,5 RAW="21.103,24.576,28.937,61.445,19.382,900.000" H=d912041e8e2cfb554cef50b5710c4c11b13e9bebf8ed9bf1fee51ea6eb5c1177
D E=572.500000 CH=0,1,2,3,4,5 RAW="21.242,24.937,28.020,61.779,22.257,900.000" H=f824abe80621c71a6b828b61167ef479b10219d836a204ca49bf3e9661a3c3a7
D E=573.000000 CH=0,1,2,3,4,5 RAW="20.793,20.854,29.335,60.389,19.975,900.000" H=2d4a003c309ef78252e657bf6b7018b0be20ea3fa02f05991ba4632337b86d2d
D E=573.500000 CH=0,1,2,3,4,5 RAW="20.977,24.651,28.446,59.908,19.558,900.000" H=866ecd98703abd01ee67790c58442516cb62ebd73ff4a401c3f6538fa8d22217
D E=574.000000 CH=0,1,2,3,4,5 RAW="22.031,23.783,28.144,60.283,19.071,900.000" H=ead766da2ed2d44ca3f90b6d3b99df3b7442b8a77d9fc51db5e9282515ff7353
D E=574.500000 CH=0,1,2,3,4,5 RAW="20.278,22.690,29.544,60.533,21.431,900.000" H=b347459dc22005e837cab9e74e118c1f2298b0e3079d6ae2d3cd71399564c383
D E=575.000000 CH=0,1,2,3,4,5 RAW="20.084,24.622,28.273,60.590,22.428,900.000" H=0b706214c8ef7e5ffdecee8bd4ecbf3beb4374cd1c5f0fe81f114c11a5599617
D E=575.500000 CH=0,1,2,3,4,5 RAW="20.127,23.042,28.514,61.854,20.098,900.000" H=8c2f81be1621f8a5d68655df987421f85c381da6657943bcbbb184508a1a8173
D E=576.000000 CH=0,1,2,3,4,5 RAW="20.863,20.981,28.446,62.255,20.911,900.000" H=7fa975c9ed0870200385a15c327dda887cb913d67034d8c4abd8fa93c63fed40
D E=576.500000 CH=0,1,2,3,4,5 RAW="23.009,26.253,27.952,60.686,20.789,900.000" H=9e2a9143a54e23ae33b3843179d890787dbc0eea4812d0a83dc7c19db8ca2111
D E=577.000000 CH=0,1,2,3,4,5 RAW="20.819,24.410,29.822,61.743,20.687,900.000" H=f20b387d9dff7c670d684425067ac97a378bb85e85b7211e70026f3d40622284
D E=577.500000 CH=0,1,2,3,4,5 RAW="20.842,24.318,29.403,59.659,20.622,900.000" H=fe54de976b2c0788afc883857d7a018858ccd7a8c1087775b4998d75bba17370
D E=578.000000 CH=0,1,2,3,4,5 RAW="20.483,24.608,27.720,61.471,22.727,900.000" H=def908e592d8419b5fa84fc5834fa7c6eb7e0d4429070e7340e6c1b818459247
D E=578.500000 CH=0,1,2,3,4,5 RAW="20.337,24.453,28.516,61.012,20.755,900.000" H=08d0f1736bcadb714c17d849cb14cf59800ab9252952f8562daad4467c6209db
D E=579.000000 CH=0,1,2,3,4,5 RAW="20.864,21.408,29.006,61.756,19.760,900.000" H=628bc63f694fe8d50caac054e8bc5c23a3d731720da8bea40706745997b83f96
D E=579.500000 CH=0,1,2,3,4,5 RAW="22.686,22.984,30.030,61.856,20.138,900.000" H=fc195465177ced60ef44053a12d558c26f06de7a226527696337f968f9c11384
D E=580.000000 CH=0,1,2,3,4,5 RAW="20.591,20.850,30.764,60.025,20.826,900.000" H=f364fd78b99cdf0db7aa55a9a29a33a4745db7ac885b5bfba518b5f23ad7e821
D E=580.500000 CH=0,1,2,3,4,5 RAW="20.240,28.625,29.045,61.234,20.056,900.000" H=a3e8b8dfd4fb818fbff16da63bda66c64d8060439baaa9202c053c50f377f941
D E=581.000000 CH=0,1,2,3,4,5 RAW="20.473,21.874,31.223,60.784,20.858,900.000" H=64ccaae333b7bf3fb69f2655ec549f1bc9d7915a0563d29d9525e1b74cbdc686
D E=581.500000 CH=0,1,2,3,4,5 RAW="20.893,22.324,28.023,60.188,20.489,900.000" H=cd50903cede015fe291a8e7fa0c219894d0ff26504838195f07e3a7d3bbebfdb
D E=582.000000 CH=0,1,2,3,4,5 RAW="19.713,23.030,27.393,60.533,21.792,900.000" H=587598e50d1374fa0d68e644457bb4ff0da78e2f40a386752d0694413a7ca760
D E=582.500000 CH=0,1,2,3,4,5 RAW="22.182,25.142,29.231,61.743,20.929,900.000" H=10c94063bb3f14e7922ce565b99c933919e27d3ad7d19a176d1852062aa904b9
D E=583.000000 CH=0,1,2,3,4,5 RAW="20.442,19.005,29.723,61.038,20.559,900.000" H=8acf13bef95eaa734d7537ec78122f41aca18591be8a33bb33057d65064eebe2
D E=583.500000 CH=0,1,2,3,4,5 RAW="22.081,26.898,29.663,61.509,19.874,900.000" H=8726c1f13ec995a69026bb8e4cf55ce14df7f2759ebb3db490cbd3cb535df834
D E=584.000000 CH=0,1,2,3,4,5 RAW="20.658,20.903,29.025,61.754,19.853,900.000" H=f20a7b043cf94fb73beb80bf4ba659fde2ade0eaeb349c84ae88d1adba59d1b3
D E=584.500000 CH=0,1,2,3,4,5 RAW="19.705,22.000,29.905,60.087,20.936,900.000" H=765ad06329f251a12e089f63c00d22a33e1d821af51a4d4a887cdcba61a0dc64
D E=585.000000 CH=0,1,2,3,4,5 RAW="22.350,21.511,28.821,61.919,19.478,900.000" H=5f6b3151db2a3de8053a328c18b1b4a809203354c6cedc49ef512511da96b73b
D E=585.500000 CH=0,1,2,3,4,5 RAW="19.866,25.925,29.982,61.074,18.156,900.000" H=8eb851fedfb77eb84296b0c9b6da7cffabf0627a06df9d407fe6ca73a0ac2800
D E=586.000000 CH=0,1,2,3,4,5 RAW="20.840,25.097,28.174,60.657,21.357,900.000" H=8f4f24f3ba900421ca79ccf04530b629f62a1dbcafb72a5512651a281bc01bb4
D E=586.500000 CH=0,1,2,3,4,5 RAW="20.867,24.921,29.733,60.679,20.786,900.000" H=6be3ed716f336127cee3d9e6115153777854d3ac262cdeeab418ecbeb1b1895e
D E=587.000000 CH=0,1,2,3,4,5 RAW="21.499,22.428,28.078,62.425,18.513,900.000" H=30bb9134b2c5556a82f9b15dab2d19e3d370c8b38c5797cbd5a2939c497a9a08
D E=587.500000 CH=0,1,2,3,4,5 RAW="20.114,25.612,28.509,59.077,18.525,900.000" H=a17b5e33f98252072d671f163ee259bd42ca4035e0e32c5b745c340265ba5e93
D E=588.000000 CH=0,1,2,3,4,5 RAW="20.839,20.930,28.579,62.036,20.954,900.000" H=8c9bf0305296d626864cb4d333b79c9dff34b7d20818e20ea7847e44fc05ec52
D E=588.500000 CH=0,1,2,3,4,5 RAW="20.052,24.892,28.329,61.371,21.150,900.000" H=a983c7b5d50b95825ee9a3b99b8df3ac0535c5c9036ba6f07ebc1288b937d887
D E=589.000000 CH=0,1,2,3,4,5 RAW="20.597,21.000,29.386,61.597,22.278,900.000" H=00dfe88d2df94e7eec023f0e569832eebebf8c0cb2e2db32cf05d268f1a149a0
D E=589.500000 CH=0,1,2,3,4,5 RAW="21.276,23.520,29.219,59.540,19.453,900.000" H=e6b17692242a7aaead50c68c0159efc0d3c7f7b3e653d2bc22fb9207f75a59d3
D E=590.000000 CH=0,1,2,3,4,5 RAW="21.220,21.516,28.720,61.695,21.027,900.000" H=e97c4cba7d73c6c7172da33e9bef03bef290407b32e713e3d7cf1651781405ba
D E=590.500000 CH=0,1,2,3,4,5 RAW="21.842,27.162,29.099,62.560,19.942,900.000" H=8117b1af44fa5d7222e1733afe0bab2807a32a253acd1e71c9d847b5ff684198
D E=591.000000 CH=0,1,2,3,4,5 RAW="21.188,27.101,29.328,60.817,19.835,900.000" H=930c4e4f16560fe5c63d1688672b22cefd01e2cdfc47b222647687ec33f860ff
D E=591.500000 CH=0,1,2,3,4,5 RAW="20.617,23.314,28.824,61.847,20.498,900.000" H=1eeffa54c67c54d379b391f0d51dfbe9362e5a7c30a01f72ccd5c3601ad4789d
D E=592.000000 CH=0,1,2,3,4,5 RAW="21.588,23.971,28.315,60.755,19.829,900.000" H=fc968c382349372978b5b4c26c55d7996caeed69273d2542f44712e1d5d43834
D E=592.500000 CH=0,1,2,3,4,5 RAW="19.989,23.835,29.225,61.995,19.430,900.000" H=6510f4c01118834a4f97f6de378849824e550a4cb4cd5e4779ec6cd07b6ff63d
D E=593.000000 CH=0,1,2,3,4,5 RAW="20.366,22.842,28.556,60.936,20.408,900.000" H=0a4770de95601ad8809ecdfb99d5b7fc748ad0ad746ee02a96a5e69685f4015e
D E=593.500000 CH=0,1,2,3,4,5 RAW="21.456,23.162,29.317,61.386,20.256,900.000" H=f731d576af02ccb0106665ee13d61991b0d61756477f5745e0bd9552b95c25c5
D E=594.000000 CH=0,1,2,3,4,5 RAW="21.072,24.864,27.950,60.265,20.588,900.000" H=f8f5499997a432d4605b6496245c8bd41f8a97f19ec5dd885c31f75b15eb9e67
D E=594.500000 CH=0,1,2,3,4,5 RAW="20.287,20.357,29.146,60.996,20.344,900.000" H=b450dc2a3fc850281d194fc2a38af51f3c21dbdbcbc31fd55932fbf7c6f083d3
D E=595.000000 CH=0,1,2,3,4,5 RAW="20.273,26.944,28.716,60.262,20.917,900.000" H=280d2d3c447bd503bfb6eb52d1a940e165967b23af021924f004fec1764f4274
D E=595.500000 CH=0,1,2,3,4,5 RAW="22.484,20.900,29.456,62.538,20.148,900.000" H=b9ccb501b7fe64ed8b3fb66184c579410aa7409dd719eca293d3b689af1b58d8
D E=596.000000 CH=0,1,2,3,4,5 RAW="20.451,25.233,29.140,61.544,19.210,900.000" H=9330e622892f42cce28677085681097972c36f04b6d4cf87d7af3be30accf1e9
D E=596.500000 CH=0,1,2,3,4,5 RAW="22.303,23.312,28.717,61.940,19.794,900.000" H=1bfef16fde86ce911e658db7cdfa38abc1dcabc22d33385294718bb5ab2c982c
D E=597.000000 CH=0,1,2,3,4,5 RAW="22.097,23.468,29.687,60.119,20.337,900.000" H=ae68908422af4b879e99799017ae1f52658df9215a802bf09f11366c4321dcbb
D E=597.500000 CH=0,1,2,3,4,5 RAW="20.523,25.568,29.278,62.086,19.541,900.000" H=2d93a4fe082778e691e5a2b6fab445870232f3e7f119005a06270134c9a4563c
D E=598.000000 CH=0,1,2,3,4,5 RAW="22.174,24.033,28.855,60.751,19.346,900.000" H=45f21f05e092bab14b7cf9310f2d1f52bf306321bc9547413381e9ec9585a1dc
D E=598.500000 CH=0,1,2,3,4,5 RAW="21.883,24.245,30.548,61.021,21.021,900.000" H=b3ba19e33b3d3381544bc5acf837e85105a6fe4ef9a5446814f42eddf0bed040
D E=599.000000 CH=0,1,2,3,4,5 RAW="21.069,21.413,30.229,60.285,19.547,900.000" H=317b08aa8b56f091b17d7a89a92cb57ad9d7645b67148771b31021ad4d453500
D E=599.500000 CH=0,1,2,3,4,5 RAW="21.507,23.085,29.939,62.126,20.397,900.000" H=1df795752670dfbc61850e33681b0f9c46edd6716983d632d7d6a91361fed7cb
